day,timestamp,contributors,score,id
"2024-03-23","2024-03-23T00:00:00+00:00","{'deep_sleep': 100, 'efficiency': 99, 'latency': 83, 'rem_sleep': 87, 'restfulness': 96, 'timing': 77, 'total_sleep': 100}",94,"ddef2bf5-e3eb-4a67-a9b7-032af3658ea9"
"2024-03-24","2024-03-24T00:00:00+00:00","{'deep_sleep': 96, 'efficiency': 90, 'latency': 97, 'rem_sleep': 73, 'restfulness': 79, 'timing': 35, 'total_sleep': 76}",78,"2f4a0937-a240-40a8-9f0c-cfdb8c7328ba"
"2024-03-25","2024-03-25T00:00:00+00:00","{'deep_sleep': 96, 'efficiency': 100, 'latency': 94, 'rem_sleep': 88, 'restfulness': 92, 'timing': 65, 'total_sleep': 81}",86,"ce898ebe-8b9a-4f73-97ae-ded881e09e73"
"2024-03-26","2024-03-26T00:00:00+00:00","{'deep_sleep': 91, 'efficiency': 86, 'latency': 12, 'rem_sleep': 71, 'restfulness': 90, 'timing': 68, 'total_sleep': 70}",71,"2708f7fd-1f24-4eb5-add3-74135b4bb0b5"
"2024-03-27","2024-03-27T00:00:00+00:00","{'deep_sleep': 97, 'efficiency': 98, 'latency': 91, 'rem_sleep': 85, 'restfulness': 83, 'timing': 70, 'total_sleep': 82}",85,"aa08dff2-facd-4c62-b535-c5988b8c8e99"
"2024-03-28","2024-03-28T00:00:00+00:00","{'deep_sleep': 88, 'efficiency': 95, 'latency': 91, 'rem_sleep': 61, 'restfulness': 83, 'timing': 54, 'total_sleep': 66}",74,"77fe67c0-72d8-4f4f-b58d-34b7d7175674"
"2024-03-29","2024-03-29T00:00:00+00:00","{'deep_sleep': 83, 'efficiency': 100, 'latency': 81, 'rem_sleep': 86, 'restfulness': 88, 'timing': 19, 'total_sleep': 72}",75,"da0a6b69-1158-42c1-b77c-0981c795442d"
"2024-03-30","2024-03-30T00:00:00+00:00","{'deep_sleep': 82, 'efficiency': 98, 'latency': 91, 'rem_sleep': 100, 'restfulness': 84, 'timing': 34, 'total_sleep': 97}",87,"418cb762-02b0-4856-aa95-2ecf52548a70"
"2024-03-31","2024-03-31T00:00:00+00:00","{'deep_sleep': 98, 'efficiency': 97, 'latency': 86, 'rem_sleep': 97, 'restfulness': 97, 'timing': 63, 'total_sleep': 97}",93,"d3b6ad1e-0e7f-4e5e-b01c-f3a06cf02ce9"
"2024-04-01","2024-04-01T00:00:00+00:00","{'deep_sleep': 86, 'efficiency': 98, 'latency': 62, 'rem_sleep': 97, 'restfulness': 97, 'timing': 91, 'total_sleep': 90}",89,"3b3014f0-f42d-4db5-b56e-5cc2c6371b3d"
"2024-04-02","2024-04-02T00:00:00+00:00","{'deep_sleep': 97, 'efficiency': 96, 'latency': 78, 'rem_sleep': 85, 'restfulness': 89, 'timing': 76, 'total_sleep': 83}",86,"d108009d-6cb8-4ca8-abb6-52aeb878f813"
"2024-04-03","2024-04-03T00:00:00+00:00","{'deep_sleep': 98, 'efficiency': 97, 'latency': 99, 'rem_sleep': 97, 'restfulness': 80, 'timing': 62, 'total_sleep': 89}",89,"fc1c6fec-6873-4285-8e8d-02eebbf61aeb"
"2024-04-04","2024-04-04T00:00:00+00:00","{'deep_sleep': 93, 'efficiency': 93, 'latency': 81, 'rem_sleep': 74, 'restfulness': 80, 'timing': 66, 'total_sleep': 83}",82,"f162fd4a-273d-431b-a450-309d1339f311"
"2024-04-05","2024-04-05T00:00:00+00:00","{'deep_sleep': 96, 'efficiency': 96, 'latency': 86, 'rem_sleep': 82, 'restfulness': 85, 'timing': 41, 'total_sleep': 64}",75,"205b06c3-1e11-4515-a781-4cf2cdea5480"
"2024-04-06","2024-04-06T00:00:00+00:00","{'deep_sleep': 98, 'efficiency': 98, 'latency': 89, 'rem_sleep': 89, 'restfulness': 96, 'timing': 56, 'total_sleep': 82}",86,"ff2b5a5c-4fd5-4edf-893f-6c029ceb2523"
"2024-04-07","2024-04-07T00:00:00+00:00","{'deep_sleep': 96, 'efficiency': 96, 'latency': 86, 'rem_sleep': 71, 'restfulness': 88, 'timing': 76, 'total_sleep': 75}",82,"5cbfccd8-fa54-4b55-8549-dc559a8c5bd6"
"2024-04-08","2024-04-08T00:00:00+00:00","{'deep_sleep': 99, 'efficiency': 96, 'latency': 91, 'rem_sleep': 99, 'restfulness': 92, 'timing': 63, 'total_sleep': 92}",91,"72d2f075-c2f1-4498-95b4-6934cb3325fd"
"2024-04-09","2024-04-08T17:00:00-07:00","{'deep_sleep': 88, 'efficiency': 97, 'latency': 70, 'rem_sleep': 76, 'restfulness': 94, 'timing': 70, 'total_sleep': 63}",76,"68447a91-b7e1-4ec7-9c5d-1ae4dea981cb"
"2024-04-10","2024-04-10T00:00:00+00:00","{'deep_sleep': 98, 'efficiency': 98, 'latency': 97, 'rem_sleep': 89, 'restfulness': 89, 'timing': 70, 'total_sleep': 81}",87,"9638d686-6809-4ccf-b985-3edc7024958e"
"2024-04-11","2024-04-11T00:00:00+00:00","{'deep_sleep': 99, 'efficiency': 99, 'latency': 86, 'rem_sleep': 89, 'restfulness': 94, 'timing': 79, 'total_sleep': 83}",88,"d6e7464b-d809-46b5-b11d-e107e5c729c8"
"2024-04-12","2024-04-12T00:00:00+00:00","{'deep_sleep': 98, 'efficiency': 90, 'latency': 67, 'rem_sleep': 69, 'restfulness': 85, 'timing': 24, 'total_sleep': 78}",75,"0f2eec6a-2825-402f-9d1d-78145f1cb173"
"2024-04-13","2024-04-13T00:00:00+00:00","{'deep_sleep': 99, 'efficiency': 98, 'latency': 99, 'rem_sleep': 81, 'restfulness': 94, 'timing': 42, 'total_sleep': 91}",88,"ed7dc224-ece6-4ea7-ab45-5f1763a2641a"
"2024-04-14","2024-04-14T00:00:00+00:00","{'deep_sleep': 90, 'efficiency': 93, 'latency': 91, 'rem_sleep': 42, 'restfulness': 88, 'timing': 39, 'total_sleep': 42}",63,"06631f3b-0609-41bc-b7ab-7cd620aa1a52"
"2024-05-08","2024-05-08T00:00:00+00:00","{'deep_sleep': 100, 'efficiency': 98, 'latency': 75, 'rem_sleep': 96, 'restfulness': 97, 'timing': 89, 'total_sleep': 100}",95,"a46007c7-6a4a-4f7c-981f-887d12faacb5"
"2024-05-09","2024-05-09T00:00:00+00:00","{'deep_sleep': 100, 'efficiency': 99, 'latency': 83, 'rem_sleep': 97, 'restfulness': 94, 'timing': 80, 'total_sleep': 94}",93,"d7644848-d354-45eb-b2af-d2ecfa787ff1"
"2024-05-10","2024-05-10T00:00:00+00:00","{'deep_sleep': 100, 'efficiency': 97, 'latency': 72, 'rem_sleep': 89, 'restfulness': 93, 'timing': 62, 'total_sleep': 93}",88,"900db195-d0fd-478d-ad6e-bf30889b1156"
"2024-05-11","2024-05-11T00:00:00+00:00","{'deep_sleep': 98, 'efficiency': 99, 'latency': 81, 'rem_sleep': 99, 'restfulness': 85, 'timing': 74, 'total_sleep': 92}",90,"13bfab4b-f93f-4b40-86d7-05ea76e878d6"
"2024-05-13","2024-05-13T00:00:00+00:00","{'deep_sleep': 99, 'efficiency': 100, 'latency': 94, 'rem_sleep': 100, 'restfulness': 97, 'timing': 83, 'total_sleep': 100}",97,"9351b2f5-597e-4c00-8ca4-637ee30f38ee"
"2024-05-14","2024-05-14T00:00:00+00:00","{'deep_sleep': 91, 'efficiency': 100, 'latency': 94, 'rem_sleep': 97, 'restfulness': 97, 'timing': 72, 'total_sleep': 95}",93,"406b933a-fa85-4ac6-a324-7440a0db4bc6"
"2024-05-15","2024-05-15T00:00:00+00:00","{'deep_sleep': 99, 'efficiency': 99, 'latency': 91, 'rem_sleep': 96, 'restfulness': 92, 'timing': 70, 'total_sleep': 100}",94,"10c56114-83a2-466e-9d2e-4354d7d8c2b7"
"2024-05-16","2024-05-16T00:00:00+00:00","{'deep_sleep': 98, 'efficiency': 97, 'latency': 78, 'rem_sleep': 93, 'restfulness': 96, 'timing': 80, 'total_sleep': 83}",88,"09161e6c-1990-4af1-8ef1-f8e3c1022324"
"2024-05-17","2024-05-17T00:00:00+00:00","{'deep_sleep': 84, 'efficiency': 97, 'latency': 72, 'rem_sleep': 74, 'restfulness': 84, 'timing': 73, 'total_sleep': 74}",78,"e381ae6c-dd64-4e24-b2ce-1a23f7a7c2e9"
"2024-05-18","2024-05-18T00:00:00+00:00","{'deep_sleep': 95, 'efficiency': 97, 'latency': 81, 'rem_sleep': 96, 'restfulness': 88, 'timing': 53, 'total_sleep': 66}",79,"d0c1c911-d316-420f-a1a9-e82e80eb54fa"
"2024-05-20","2024-05-20T00:00:00+00:00","{'deep_sleep': 100, 'efficiency': 99, 'latency': 86, 'rem_sleep': 94, 'restfulness': 88, 'timing': 100, 'total_sleep': 87}",92,"dbadaa0a-1cab-4d1e-9419-c091283e0fc6"
"2024-05-21","2024-05-21T00:00:00+00:00","{'deep_sleep': 100, 'efficiency': 100, 'latency': 91, 'rem_sleep': 92, 'restfulness': 97, 'timing': 100, 'total_sleep': 93}",95,"08289ece-b3ac-4648-b2ba-ad8733b31980"
"2024-05-22","2024-05-22T00:00:00+00:00","{'deep_sleep': 99, 'efficiency': 97, 'latency': 72, 'rem_sleep': 95, 'restfulness': 83, 'timing': 100, 'total_sleep': 88}",90,"52fec655-c1de-470e-9521-0ea5fcdbd6de"
"2024-05-23","2024-05-23T00:00:00+00:00","{'deep_sleep': 98, 'efficiency': 99, 'latency': 97, 'rem_sleep': 96, 'restfulness': 97, 'timing': 100, 'total_sleep': 86}",94,"49682850-4e7f-497d-af78-4943a03e0cf9"
"2024-05-24","2024-05-24T00:00:00+00:00","{'deep_sleep': 97, 'efficiency': 100, 'latency': 86, 'rem_sleep': 88, 'restfulness': 92, 'timing': 100, 'total_sleep': 92}",93,"4aff097f-28a9-4b99-b3be-8a63fa8ff8d9"
"2024-05-25","2024-05-25T00:00:00+00:00","{'deep_sleep': 85, 'efficiency': 96, 'latency': 89, 'rem_sleep': 54, 'restfulness': 84, 'timing': 36, 'total_sleep': 51}",67,"c8df87f8-a24e-4cc1-b5ae-f08ac6eb807c"
"2024-05-26","2024-05-26T00:00:00+00:00","{'deep_sleep': 97, 'efficiency': 100, 'latency': 81, 'rem_sleep': 100, 'restfulness': 96, 'timing': 70, 'total_sleep': 99}",94,"29d49edb-fa83-4b57-9f22-2fa63a59dfaa"
"2024-05-27","2024-05-27T00:00:00+00:00","{'deep_sleep': 98, 'efficiency': 95, 'latency': 94, 'rem_sleep': 72, 'restfulness': 95, 'timing': 69, 'total_sleep': 81}",85,"0935e51b-fcd2-4549-8330-1748803bf576"
"2024-05-28","2024-05-28T00:00:00+00:00","{'deep_sleep': 100, 'efficiency': 100, 'latency': 89, 'rem_sleep': 86, 'restfulness': 91, 'timing': 100, 'total_sleep': 93}",94,"935bc773-f960-443d-8715-e765eea7cefa"
"2024-05-29","2024-05-29T00:00:00+00:00","{'deep_sleep': 97, 'efficiency': 100, 'latency': 89, 'rem_sleep': 95, 'restfulness': 97, 'timing': 100, 'total_sleep': 81}",91,"5f93f016-d616-4a18-a742-10970a38aea7"
"2024-05-30","2024-05-30T00:00:00+00:00","{'deep_sleep': 98, 'efficiency': 97, 'latency': 83, 'rem_sleep': 94, 'restfulness': 95, 'timing': 100, 'total_sleep': 85}",91,"e7d40340-a93b-4d7c-b2b3-c8217b90e1cb"
"2024-05-31","2024-05-31T00:00:00+00:00","{'deep_sleep': 96, 'efficiency': 99, 'latency': 91, 'rem_sleep': 96, 'restfulness': 97, 'timing': 100, 'total_sleep': 82}",91,"e8685ace-e614-4620-945b-5812a2e33bb6"
"2024-06-01","2024-06-01T00:00:00+00:00","{'deep_sleep': 95, 'efficiency': 98, 'latency': 89, 'rem_sleep': 89, 'restfulness': 77, 'timing': 64, 'total_sleep': 82}",84,"372902e3-1df6-40da-a980-661f493cec78"
"2024-06-02","2024-06-02T00:00:00+00:00","{'deep_sleep': 99, 'efficiency': 98, 'latency': 94, 'rem_sleep': 87, 'restfulness': 82, 'timing': 67, 'total_sleep': 93}",89,"98df8ec3-1575-440c-bd78-a572f1150f49"
"2024-06-03","2024-06-03T00:00:00+00:00","{'deep_sleep': 96, 'efficiency': 98, 'latency': 86, 'rem_sleep': 95, 'restfulness': 89, 'timing': 100, 'total_sleep': 92}",93,"26c6c898-d38e-4507-a074-438e4014bfcd"
"2024-06-04","2024-06-04T00:00:00+00:00","{'deep_sleep': 96, 'efficiency': 97, 'latency': 56, 'rem_sleep': 95, 'restfulness': 88, 'timing': 100, 'total_sleep': 83}",87,"177798a3-0ec8-4f4f-8cbb-7ab933df4fa3"
"2024-06-05","2024-06-05T00:00:00+00:00","{'deep_sleep': 95, 'efficiency': 98, 'latency': 89, 'rem_sleep': 85, 'restfulness': 84, 'timing': 99, 'total_sleep': 74}",85,"c73f8129-3bd8-4f56-aeb8-28de0bcc29f6"
"2024-06-06","2024-06-06T02:00:00+02:00","{'deep_sleep': 98, 'efficiency': 98, 'latency': 97, 'rem_sleep': 98, 'restfulness': 95, 'timing': 100, 'total_sleep': 88}",94,"d62a933b-033e-49b5-8387-094ff12983bd"
"2024-06-07","2024-06-07T00:00:00+00:00","{'deep_sleep': 98, 'efficiency': 98, 'latency': 91, 'rem_sleep': 96, 'restfulness': 89, 'timing': 100, 'total_sleep': 93}",94,"743d3811-59b9-4094-ba93-53cb1df310c8"
"2024-06-08","2024-06-08T00:00:00+00:00","{'deep_sleep': 95, 'efficiency': 99, 'latency': 83, 'rem_sleep': 87, 'restfulness': 84, 'timing': 100, 'total_sleep': 90}",91,"ae9b3d8d-0017-4aa6-8f64-fbe2b3f917bf"
"2024-06-09","2024-06-09T00:00:00+00:00","{'deep_sleep': 100, 'efficiency': 100, 'latency': 72, 'rem_sleep': 97, 'restfulness': 88, 'timing': 100, 'total_sleep': 100}",95,"f9c0f568-5ede-4d3c-a9b0-6409ffa2a84d"
"2024-06-10","2024-06-09T20:00:00-04:00","{'deep_sleep': 96, 'efficiency': 79, 'latency': 15, 'rem_sleep': 68, 'restfulness': 91, 'timing': 100, 'total_sleep': 77}",76,"04d4674e-58c0-4a09-b03d-82a71bdc76e3"
"2024-06-11","2024-06-11T00:00:00+00:00","{'deep_sleep': 97, 'efficiency': 95, 'latency': 64, 'rem_sleep': 97, 'restfulness': 89, 'timing': 100, 'total_sleep': 94}",92,"2449df04-eb1e-4e11-a21f-cbc5669b60ac"
"2024-06-12","2024-06-12T00:00:00+00:00","{'deep_sleep': 99, 'efficiency': 99, 'latency': 83, 'rem_sleep': 95, 'restfulness': 85, 'timing': 100, 'total_sleep': 79}",88,"f09de938-0eb2-4ed1-8b75-86322e166d0e"
"2024-06-16","2024-06-16T00:00:00+00:00","{'deep_sleep': 100, 'efficiency': 96, 'latency': 97, 'rem_sleep': 97, 'restfulness': 97, 'timing': 79, 'total_sleep': 92}",94,"0eb982e6-13de-41d6-9bea-aa8127e6292f"
"2024-06-17","2024-06-17T00:00:00+00:00","{'deep_sleep': 98, 'efficiency': 100, 'latency': 99, 'rem_sleep': 98, 'restfulness': 98, 'timing': 100, 'total_sleep': 87}",95,"4ca73894-5de4-4e2e-bfd4-69a2aa9d21a8"
"2024-06-18","2024-06-17T17:00:00-07:00","{'deep_sleep': 90, 'efficiency': 99, 'latency': 67, 'rem_sleep': 96, 'restfulness': 96, 'timing': 100, 'total_sleep': 82}",88,"8ea776b2-8b9b-4b4e-91ed-4cb552b41882"
"2024-06-19","2024-06-19T00:00:00+00:00","{'deep_sleep': 98, 'efficiency': 90, 'latency': 56, 'rem_sleep': 68, 'restfulness': 94, 'timing': 98, 'total_sleep': 74}",81,"b98c951f-ae22-421e-a91e-fa7b9c600c5b"
"2024-06-20","2024-06-20T00:00:00+00:00","{'deep_sleep': 100, 'efficiency': 98, 'latency': 78, 'rem_sleep': 99, 'restfulness': 97, 'timing': 97, 'total_sleep': 98}",96,"599f7ba4-d0cd-4d61-9873-57a61d6ce81b"
"2024-06-21","2024-06-21T00:00:00+00:00","{'deep_sleep': 97, 'efficiency': 98, 'latency': 83, 'rem_sleep': 84, 'restfulness': 94, 'timing': 100, 'total_sleep': 78}",88,"e3e68cd1-e030-47e9-bd6b-a28807deef29"
"2024-06-22","2024-06-22T00:00:00+00:00","{'deep_sleep': 100, 'efficiency': 99, 'latency': 94, 'rem_sleep': 67, 'restfulness': 89, 'timing': 79, 'total_sleep': 81}",86,"1699b285-4f9a-49ab-8fcd-57f60a6d12da"
"2024-06-23","2024-06-23T00:00:00+00:00","{'deep_sleep': 94, 'efficiency': 98, 'latency': 70, 'rem_sleep': 96, 'restfulness': 93, 'timing': 90, 'total_sleep': 94}",92,"fda3b5da-1d0e-4c96-989a-a1062e9e71f9"
"2024-06-24","2024-06-24T00:00:00+00:00","{'deep_sleep': 83, 'efficiency': 100, 'latency': 91, 'rem_sleep': 69, 'restfulness': 91, 'timing': 69, 'total_sleep': 68}",79,"ba0f6561-b7aa-4d14-ac29-c075af9d7582"
"2024-06-25","2024-06-24T19:00:00-05:00","{'deep_sleep': 97, 'efficiency': 97, 'latency': 86, 'rem_sleep': 62, 'restfulness': 73, 'timing': 92, 'total_sleep': 76}",81,"3e7aafc7-fca6-4194-9e50-c820267cef22"
"2024-06-26","2024-06-26T00:00:00+00:00","{'deep_sleep': 99, 'efficiency': 97, 'latency': 86, 'rem_sleep': 85, 'restfulness': 91, 'timing': 100, 'total_sleep': 88}",91,"8033dce7-12d3-49b7-8987-cc2af7522362"
"2024-06-27","2024-06-27T00:00:00+00:00","{'deep_sleep': 99, 'efficiency': 99, 'latency': 75, 'rem_sleep': 98, 'restfulness': 92, 'timing': 100, 'total_sleep': 89}",92,"a3f7bdd5-6e52-433b-9b5f-c125094bb2ab"
"2024-06-28","2024-06-28T00:00:00+00:00","{'deep_sleep': 98, 'efficiency': 98, 'latency': 99, 'rem_sleep': 77, 'restfulness': 82, 'timing': 100, 'total_sleep': 80}",87,"1a33ece4-23cc-4d6d-bb93-6f9ed73a25ca"
"2024-06-29","2024-06-29T00:00:00+00:00","{'deep_sleep': 100, 'efficiency': 97, 'latency': 97, 'rem_sleep': 96, 'restfulness': 97, 'timing': 79, 'total_sleep': 88}",92,"5ad3ea0d-4397-40ae-be00-7163740d414c"
"2024-06-30","2024-06-30T00:00:00+00:00","{'deep_sleep': 98, 'efficiency': 99, 'latency': 94, 'rem_sleep': 93, 'restfulness': 91, 'timing': 100, 'total_sleep': 86}",92,"444de7f5-4498-4024-9f4b-469439a94d5c"
"2024-07-08","2024-07-08T00:00:00+00:00","{'deep_sleep': 98, 'efficiency': 95, 'latency': 56, 'rem_sleep': 86, 'restfulness': 88, 'timing': 100, 'total_sleep': 77}",84,"8856cf9e-4a51-4fba-ae6a-8f1a5d1a7b93"
"2024-07-09","2024-07-09T00:00:00+00:00","{'deep_sleep': 98, 'efficiency': 97, 'latency': 59, 'rem_sleep': 90, 'restfulness': 97, 'timing': 100, 'total_sleep': 83}",88,"b1b91211-1451-4107-bae3-be2f94b7d71f"
"2024-07-10","2024-07-10T00:00:00+00:00","{'deep_sleep': 96, 'efficiency': 99, 'latency': 83, 'rem_sleep': 96, 'restfulness': 89, 'timing': 100, 'total_sleep': 94}",94,"ebfc2d9c-cc20-4f9a-97e0-0702be19d36c"
"2024-07-11","2024-07-11T00:00:00+00:00","{'deep_sleep': 88, 'efficiency': 97, 'latency': 72, 'rem_sleep': 84, 'restfulness': 94, 'timing': 100, 'total_sleep': 80}",86,"3b167b5c-050a-4509-8be6-bb0eafc7a020"
"2024-07-12","2024-07-12T00:00:00+00:00","{'deep_sleep': 97, 'efficiency': 100, 'latency': 86, 'rem_sleep': 98, 'restfulness': 93, 'timing': 100, 'total_sleep': 88}",93,"ceaa8900-546e-4853-8f57-2ca506be6104"
"2024-07-13","2024-07-13T00:00:00+00:00","{'deep_sleep': 84, 'efficiency': 96, 'latency': 83, 'rem_sleep': 79, 'restfulness': 90, 'timing': 40, 'total_sleep': 64}",74,"d8a2f1b6-58ff-4b31-8a94-a316fb452a0a"
"2024-07-14","2024-07-14T00:00:00+00:00","{'deep_sleep': 97, 'efficiency': 99, 'latency': 81, 'rem_sleep': 92, 'restfulness': 97, 'timing': 82, 'total_sleep': 82}",88,"ac43b6ab-5dcb-4d15-8f77-f993656bd1b3"
"2024-07-15","2024-07-15T00:00:00+00:00","{'deep_sleep': 90, 'efficiency': 98, 'latency': 94, 'rem_sleep': 71, 'restfulness': 94, 'timing': 100, 'total_sleep': 71}",84,"4fc263e5-0dbd-4c43-a379-80793a2ec0c8"
"2024-07-16","2024-07-16T00:00:00+00:00","{'deep_sleep': 98, 'efficiency': 95, 'latency': 72, 'rem_sleep': 98, 'restfulness': 98, 'timing': 100, 'total_sleep': 82}",90,"b6fca19e-e434-4f32-a452-c6c4cacbadf5"
"2024-07-17","2024-07-17T00:00:00+00:00","{'deep_sleep': 98, 'efficiency': 100, 'latency': 94, 'rem_sleep': 97, 'restfulness': 97, 'timing': 100, 'total_sleep': 81}",92,"3afc3cfc-8af3-40ef-87e0-bb8cfa4ffa04"
"2024-07-18","2024-07-18T00:00:00+00:00","{'deep_sleep': 95, 'efficiency': 98, 'latency': 78, 'rem_sleep': 96, 'restfulness': 88, 'timing': 76, 'total_sleep': 87}",88,"35808497-79d2-4586-9037-6bccfd94bfdb"
"2024-07-19","2024-07-19T00:00:00+00:00","{'deep_sleep': 97, 'efficiency': 100, 'latency': 75, 'rem_sleep': 97, 'restfulness': 95, 'timing': 97, 'total_sleep': 79}",88,"abbc89b8-d730-41f5-9b9d-63a4c838cc17"
"2024-07-20","2024-07-20T00:00:00+00:00","{'deep_sleep': 98, 'efficiency': 95, 'latency': 86, 'rem_sleep': 97, 'restfulness': 92, 'timing': 57, 'total_sleep': 89}",88,"1831cf97-3f9a-4d9e-837f-9ef090f03ad7"
"2024-07-21","2024-07-21T00:00:00+00:00","{'deep_sleep': 100, 'efficiency': 95, 'latency': 97, 'rem_sleep': 98, 'restfulness': 89, 'timing': 72, 'total_sleep': 96}",93,"895ec8a3-1709-4f34-ad39-67d961f475ff"
"2024-07-22","2024-07-22T00:00:00+00:00","{'deep_sleep': 88, 'efficiency': 97, 'latency': 91, 'rem_sleep': 48, 'restfulness': 89, 'timing': 88, 'total_sleep': 53}",73,"b09ba027-cf9e-4c15-b9d6-fe4627bbff94"
"2024-07-23","2024-07-23T00:00:00+00:00","{'deep_sleep': 97, 'efficiency': 99, 'latency': 94, 'rem_sleep': 94, 'restfulness': 94, 'timing': 92, 'total_sleep': 95}",95,"3beb604d-64f5-4fc9-b890-e9a1bb85750a"
"2024-07-24","2024-07-24T00:00:00+00:00","{'deep_sleep': 99, 'efficiency': 98, 'latency': 78, 'rem_sleep': 76, 'restfulness': 95, 'timing': 100, 'total_sleep': 79}",87,"e2a4135d-1a5d-4439-b272-8104b0697b21"
"2024-07-25","2024-07-25T00:00:00+00:00","{'deep_sleep': 98, 'efficiency': 98, 'latency': 70, 'rem_sleep': 88, 'restfulness': 94, 'timing': 100, 'total_sleep': 91}",91,"0d2c15b9-e328-4d04-9a31-4b1b93d108e2"
"2024-07-26","2024-07-26T00:00:00+00:00","{'deep_sleep': 95, 'efficiency': 88, 'latency': 86, 'rem_sleep': 64, 'restfulness': 93, 'timing': 83, 'total_sleep': 68}",79,"3663aed0-7144-4ccc-9773-1355e8140532"
"2024-07-28","2024-07-28T00:00:00+00:00","{'deep_sleep': 96, 'efficiency': 99, 'latency': 70, 'rem_sleep': 65, 'restfulness': 85, 'timing': 32, 'total_sleep': 76}",76,"2ac10a8d-836e-49c6-9915-f303487d8b3a"
"2024-07-29","2024-07-29T00:00:00+00:00","{'deep_sleep': 98, 'efficiency': 99, 'latency': 83, 'rem_sleep': 98, 'restfulness': 90, 'timing': 100, 'total_sleep': 99}",96,"ae6d2066-cd8d-435b-9237-49291ca3628c"
"2024-07-30","2024-07-30T00:00:00+00:00","{'deep_sleep': 79, 'efficiency': 100, 'latency': 94, 'rem_sleep': 81, 'restfulness': 97, 'timing': 73, 'total_sleep': 85}",87,"198c1b4a-36b2-4bba-ba62-b9a7b3920d70"
"2024-07-31","2024-07-31T00:00:00+00:00","{'deep_sleep': 98, 'efficiency': 99, 'latency': 81, 'rem_sleep': 91, 'restfulness': 91, 'timing': 100, 'total_sleep': 89}",92,"dd93d1c9-dde2-43e4-b1cc-0e271432694e"
"2024-08-01","2024-08-01T00:00:00+00:00","{'deep_sleep': 98, 'efficiency': 96, 'latency': 91, 'rem_sleep': 98, 'restfulness': 94, 'timing': 100, 'total_sleep': 83}",91,"83d51e80-2f1b-4af1-8816-18ed417dce6a"
"2024-08-02","2024-08-02T00:00:00+00:00","{'deep_sleep': 96, 'efficiency': 100, 'latency': 81, 'rem_sleep': 96, 'restfulness': 90, 'timing': 98, 'total_sleep': 83}",90,"4848cc72-02e8-4065-bba1-5a47160dbd3f"
"2024-08-03","2024-08-03T00:00:00+00:00","{'deep_sleep': 88, 'efficiency': 88, 'latency': 91, 'rem_sleep': 80, 'restfulness': 86, 'timing': 93, 'total_sleep': 88}",88,"72928a8d-c8ae-48b6-8456-f6ed08131883"
"2024-08-04","2024-08-04T00:00:00+00:00","{'deep_sleep': 92, 'efficiency': 100, 'latency': 81, 'rem_sleep': 97, 'restfulness': 88, 'timing': 78, 'total_sleep': 84}",87,"6c69d096-427a-4aaa-8aa3-b61a6742a68e"
"2024-08-05","2024-08-05T00:00:00+00:00","{'deep_sleep': 97, 'efficiency': 93, 'latency': 70, 'rem_sleep': 93, 'restfulness': 92, 'timing': 99, 'total_sleep': 80}",87,"66c3c5b9-c026-44ac-ba5e-0dc1892de578"
"2024-08-06","2024-08-06T00:00:00+00:00","{'deep_sleep': 96, 'efficiency': 99, 'latency': 97, 'rem_sleep': 89, 'restfulness': 89, 'timing': 67, 'total_sleep': 65}",81,"dc1197ff-4248-41c1-a548-d3e1a8c9678a"
"2024-08-07","2024-08-07T00:00:00+00:00","{'deep_sleep': 69, 'efficiency': 98, 'latency': 86, 'rem_sleep': 52, 'restfulness': 74, 'timing': 41, 'total_sleep': 42}",60,"2aa6d51b-a459-45ff-9c84-886b4e684426"
"2024-08-08","2024-08-08T00:00:00+00:00","{'deep_sleep': 97, 'efficiency': 97, 'latency': 83, 'rem_sleep': 96, 'restfulness': 89, 'timing': 98, 'total_sleep': 79}",88,"e0b7920a-9300-4ee2-863f-261f4987433c"
"2024-08-09","2024-08-09T00:00:00+00:00","{'deep_sleep': 98, 'efficiency': 97, 'latency': 94, 'rem_sleep': 95, 'restfulness': 98, 'timing': 87, 'total_sleep': 82}",90,"06d20a8d-f308-4312-86eb-a47f0b11012f"
"2024-08-10","2024-08-10T00:00:00+00:00","{'deep_sleep': 96, 'efficiency': 96, 'latency': 75, 'rem_sleep': 62, 'restfulness': 91, 'timing': 43, 'total_sleep': 71}",76,"8f911195-a525-4acc-a5d8-9af00f11deb9"
"2024-08-12","2024-08-12T00:00:00+00:00","{'deep_sleep': 100, 'efficiency': 100, 'latency': 89, 'rem_sleep': 100, 'restfulness': 98, 'timing': 68, 'total_sleep': 100}",95,"5117218c-f666-4cba-832f-b3ac85eccc59"
"2024-08-13","2024-08-13T00:00:00+00:00","{'deep_sleep': 98, 'efficiency': 93, 'latency': 86, 'rem_sleep': 90, 'restfulness': 78, 'timing': 39, 'total_sleep': 97}",86,"1eb0e2d2-6f5d-439c-8fc2-2ab8459f00a5"
"2024-08-14","2024-08-14T00:00:00+00:00","{'deep_sleep': 97, 'efficiency': 100, 'latency': 86, 'rem_sleep': 89, 'restfulness': 89, 'timing': 35, 'total_sleep': 89}",85,"167df0b6-f666-4936-90f0-589ce71a2f37"
"2024-08-15","2024-08-15T00:00:00+00:00","{'deep_sleep': 96, 'efficiency': 100, 'latency': 67, 'rem_sleep': 85, 'restfulness': 89, 'timing': 58, 'total_sleep': 78}",81,"4760bf5c-2587-432d-a6e5-1dac25808fc5"
"2024-08-16","2024-08-16T00:00:00+00:00","{'deep_sleep': 77, 'efficiency': 95, 'latency': 81, 'rem_sleep': 88, 'restfulness': 89, 'timing': 46, 'total_sleep': 97}",86,"662a87de-9056-4212-9bba-47a3cd911057"
"2024-08-17","2024-08-17T00:00:00+00:00","{'deep_sleep': 97, 'efficiency': 100, 'latency': 78, 'rem_sleep': 95, 'restfulness': 86, 'timing': 83, 'total_sleep': 97}",92,"c17c39ef-1247-43a5-b414-af00beedb8c5"
"2024-08-18","2024-08-18T00:00:00+00:00","{'deep_sleep': 95, 'efficiency': 97, 'latency': 89, 'rem_sleep': 98, 'restfulness': 94, 'timing': 82, 'total_sleep': 93}",93,"42e1ba34-31a2-439b-94ed-cbdbbf4bf25a"
"2024-08-19","2024-08-19T00:00:00+00:00","{'deep_sleep': 97, 'efficiency': 100, 'latency': 72, 'rem_sleep': 97, 'restfulness': 94, 'timing': 69, 'total_sleep': 83}",87,"a6762492-937e-440f-b03a-f75621df1570"
"2024-08-20","2024-08-20T00:00:00+00:00","{'deep_sleep': 100, 'efficiency': 97, 'latency': 81, 'rem_sleep': 100, 'restfulness': 95, 'timing': 77, 'total_sleep': 100}",95,"0c568067-10f8-4ffe-b1db-c5d1ab1d5695"
"2024-08-21","2024-08-21T00:00:00+00:00","{'deep_sleep': 95, 'efficiency': 99, 'latency': 97, 'rem_sleep': 81, 'restfulness': 91, 'timing': 69, 'total_sleep': 84}",87,"f37fa9fe-8614-4ed5-a20f-373f70de7feb"
"2024-08-22","2024-08-22T00:00:00+00:00","{'deep_sleep': 96, 'efficiency': 98, 'latency': 81, 'rem_sleep': 75, 'restfulness': 90, 'timing': 86, 'total_sleep': 90}",89,"74747aa2-baca-4d1d-ad77-5039fa4ba176"
"2024-08-23","2024-08-23T00:00:00+00:00","{'deep_sleep': 95, 'efficiency': 100, 'latency': 75, 'rem_sleep': 78, 'restfulness': 93, 'timing': 67, 'total_sleep': 93}",88,"64a72273-fdf6-4c6f-a607-595ce4e415db"
"2024-08-24","2024-08-24T00:00:00+00:00","{'deep_sleep': 96, 'efficiency': 100, 'latency': 70, 'rem_sleep': 97, 'restfulness': 95, 'timing': 87, 'total_sleep': 86}",89,"265fcbfb-fb6e-43fb-8e1b-dd30e8b6149f"
"2024-08-25","2024-08-25T00:00:00+00:00","{'deep_sleep': 94, 'efficiency': 88, 'latency': 72, 'rem_sleep': 62, 'restfulness': 73, 'timing': 64, 'total_sleep': 62}",71,"1118582e-1456-45aa-8a6d-72eab91dfb2c"
"2024-08-26","2024-08-26T00:00:00+00:00","{'deep_sleep': 98, 'efficiency': 100, 'latency': 91, 'rem_sleep': 95, 'restfulness': 92, 'timing': 92, 'total_sleep': 98}",96,"f3854a6b-5162-4969-8058-70cfee71255c"
"2024-08-27","2024-08-27T00:00:00+00:00","{'deep_sleep': 77, 'efficiency': 99, 'latency': 86, 'rem_sleep': 73, 'restfulness': 87, 'timing': 47, 'total_sleep': 63}",73,"20d7819b-20ed-41fc-a293-1746c0eab33a"
"2024-08-28","2024-08-28T00:00:00+00:00","{'deep_sleep': 99, 'efficiency': 98, 'latency': 91, 'rem_sleep': 91, 'restfulness': 98, 'timing': 71, 'total_sleep': 87}",90,"e890467a-c759-4008-8c97-6aca41dabce5"
"2024-08-29","2024-08-29T00:00:00+00:00","{'deep_sleep': 85, 'efficiency': 99, 'latency': 75, 'rem_sleep': 62, 'restfulness': 75, 'timing': 44, 'total_sleep': 57}",68,"f6c79fdf-040e-4291-b792-70882d0ece47"
"2024-08-30","2024-08-30T00:00:00+00:00","{'deep_sleep': 97, 'efficiency': 100, 'latency': 83, 'rem_sleep': 96, 'restfulness': 91, 'timing': 43, 'total_sleep': 81}",84,"6867867b-6985-49c9-86d9-7801ed6a2bd7"
"2024-08-31","2024-08-31T00:00:00+00:00","{'deep_sleep': 97, 'efficiency': 98, 'latency': 78, 'rem_sleep': 96, 'restfulness': 88, 'timing': 39, 'total_sleep': 81}",82,"bc018bbd-8ad7-4eb8-9ab5-6d5452476aaa"
"2024-09-01","2024-09-01T00:00:00+00:00","{'deep_sleep': 51, 'efficiency': 93, 'latency': 89, 'rem_sleep': 71, 'restfulness': 67, 'timing': 89, 'total_sleep': 75}",76,"04b86c73-af2d-4801-82de-3375838e124c"
"2024-09-02","2024-09-02T00:00:00+00:00","{'deep_sleep': 97, 'efficiency': 98, 'latency': 72, 'rem_sleep': 100, 'restfulness': 90, 'timing': 88, 'total_sleep': 100}",94,"6b3afd33-afd8-4eb8-a72e-1d29a2bd5eb0"
"2024-09-03","2024-09-03T00:00:00+00:00","{'deep_sleep': 97, 'efficiency': 96, 'latency': 54, 'rem_sleep': 97, 'restfulness': 89, 'timing': 62, 'total_sleep': 80}",82,"0bcca6fa-ba0b-42fe-bb0f-6028464fb4f9"
"2024-09-05","2024-09-05T00:00:00+00:00","{'deep_sleep': 96, 'efficiency': 98, 'latency': 70, 'rem_sleep': 77, 'restfulness': 88, 'timing': 68, 'total_sleep': 85}",84,"5128d9a2-75d3-4182-aea0-0d1c9ab7725b"
"2024-09-06","2024-09-06T00:00:00+00:00","{'deep_sleep': 88, 'efficiency': 99, 'latency': 81, 'rem_sleep': 81, 'restfulness': 88, 'timing': 55, 'total_sleep': 72}",79,"777e793f-5c9f-46ab-9cd5-3b0e867e693a"
"2024-09-07","2024-09-07T00:00:00+00:00","{'deep_sleep': 96, 'efficiency': 98, 'latency': 94, 'rem_sleep': 96, 'restfulness': 98, 'timing': 71, 'total_sleep': 79}",88,"b3cb89c4-3ff1-4167-9e85-3b82d8b980ff"
"2024-09-08","2024-09-08T00:00:00+00:00","{'deep_sleep': 99, 'efficiency': 100, 'latency': 75, 'rem_sleep': 92, 'restfulness': 92, 'timing': 72, 'total_sleep': 83}",87,"fe9eb3a9-6201-41ef-bade-6dbe764d9fb1"
"2024-09-09","2024-09-09T00:00:00+00:00","{'deep_sleep': 97, 'efficiency': 100, 'latency': 91, 'rem_sleep': 82, 'restfulness': 95, 'timing': 100, 'total_sleep': 87}",92,"8988ec0e-7309-476f-b5bb-50527eb29ae3"
"2024-09-10","2024-09-10T00:00:00+00:00","{'deep_sleep': 97, 'efficiency': 100, 'latency': 78, 'rem_sleep': 96, 'restfulness': 98, 'timing': 52, 'total_sleep': 86}",87,"34527194-3a8d-4a48-80cd-c2d985ec2dac"
"2024-09-11","2024-09-11T00:00:00+00:00","{'deep_sleep': 96, 'efficiency': 97, 'latency': 86, 'rem_sleep': 96, 'restfulness': 98, 'timing': 84, 'total_sleep': 78}",88,"085682a4-d6e0-4439-9fdf-0635e1028709"
"2024-09-12","2024-09-12T00:00:00+00:00","{'deep_sleep': 81, 'efficiency': 96, 'latency': 64, 'rem_sleep': 89, 'restfulness': 94, 'timing': 100, 'total_sleep': 73}",83,"67b25244-a8f8-4070-bda5-d332792cccea"
"2024-09-13","2024-09-13T00:00:00+00:00","{'deep_sleep': 97, 'efficiency': 95, 'latency': 83, 'rem_sleep': 61, 'restfulness': 85, 'timing': 18, 'total_sleep': 56}",68,"4687124e-1141-4746-bef1-86047f0b62ce"
"2024-09-14","2024-09-14T00:00:00+00:00","{'deep_sleep': 95, 'efficiency': 100, 'latency': 70, 'rem_sleep': 97, 'restfulness': 91, 'timing': 70, 'total_sleep': 100}",92,"3d2d2121-e8e0-4d78-8722-f937a993f4fc"
"2024-09-15","2024-09-15T00:00:00+00:00","{'deep_sleep': 90, 'efficiency': 93, 'latency': 86, 'rem_sleep': 81, 'restfulness': 87, 'timing': 50, 'total_sleep': 65}",76,"1761de6f-90f8-4a7f-ad0b-4d349a5031e0"
"2024-09-16","2024-09-16T00:00:00+00:00","{'deep_sleep': 100, 'efficiency': 100, 'latency': 94, 'rem_sleep': 100, 'restfulness': 95, 'timing': 79, 'total_sleep': 100}",97,"a4664db9-bc0d-4325-85ec-9c0b9ed31786"
"2024-09-17","2024-09-17T00:00:00+00:00","{'deep_sleep': 85, 'efficiency': 99, 'latency': 97, 'rem_sleep': 63, 'restfulness': 94, 'timing': 100, 'total_sleep': 68}",82,"ac75b81e-79da-4dd0-9f7e-de1cb1d2d6f2"
"2024-09-18","2024-09-18T00:00:00+00:00","{'deep_sleep': 96, 'efficiency': 98, 'latency': 94, 'rem_sleep': 71, 'restfulness': 91, 'timing': 79, 'total_sleep': 76}",84,"44fb7097-80f8-4835-8ac2-b3181ae224aa"
"2024-09-19","2024-09-19T00:00:00+00:00","{'deep_sleep': 99, 'efficiency': 98, 'latency': 97, 'rem_sleep': 97, 'restfulness': 93, 'timing': 88, 'total_sleep': 95}",95,"80c86cf6-842f-4b8e-a8f6-3cb045269595"
"2024-09-20","2024-09-20T00:00:00+00:00","{'deep_sleep': 71, 'efficiency': 98, 'latency': 91, 'rem_sleep': 90, 'restfulness': 82, 'timing': 13, 'total_sleep': 95}",82,"2863f43e-579b-434a-bdec-4b112605e049"
"2024-09-21","2024-09-21T00:00:00+00:00","{'deep_sleep': 69, 'efficiency': 95, 'latency': 86, 'rem_sleep': 56, 'restfulness': 93, 'timing': 32, 'total_sleep': 64}",70,"9cd9e6e1-0a2f-4ff8-9504-30b3732472a7"
"2024-09-22","2024-09-22T00:00:00+00:00","{'deep_sleep': 74, 'efficiency': 96, 'latency': 78, 'rem_sleep': 54, 'restfulness': 81, 'timing': 13, 'total_sleep': 55}",63,"872440be-da3b-4662-b04a-dd78c4e0ef24"
"2024-09-23","2024-09-23T00:00:00+00:00","{'deep_sleep': 75, 'efficiency': 90, 'latency': 97, 'rem_sleep': 66, 'restfulness': 94, 'timing': 19, 'total_sleep': 68}",73,"a5427332-200c-41b7-9e26-bbd780a74b4a"
"2024-09-24","2024-09-24T00:00:00+00:00","{'deep_sleep': 92, 'efficiency': 100, 'latency': 75, 'rem_sleep': 95, 'restfulness': 89, 'timing': 43, 'total_sleep': 85}",84,"8a9acd6d-b9c9-40e9-84dd-9aefe36333cb"
"2024-09-25","2024-09-24T19:00:00-05:00","{'deep_sleep': 78, 'efficiency': 97, 'latency': 97, 'rem_sleep': 97, 'restfulness': 91, 'timing': 49, 'total_sleep': 86}",86,"62deb4ae-2d72-4a1b-9f57-7158755185a1"
"2024-09-27","2024-09-27T00:00:00+00:00","{'deep_sleep': 96, 'efficiency': 100, 'latency': 91, 'rem_sleep': 96, 'restfulness': 93, 'timing': 40, 'total_sleep': 90}",88,"03a6a0de-0c17-4b4a-8781-516da7ead218"
"2024-09-28","2024-09-28T00:00:00+00:00","{'deep_sleep': 99, 'efficiency': 97, 'latency': 83, 'rem_sleep': 78, 'restfulness': 89, 'timing': 68, 'total_sleep': 81}",84,"792f366f-10de-4b45-82b8-c1a1babd2043"
"2024-09-29","2024-09-29T00:00:00+00:00","{'deep_sleep': 98, 'efficiency': 99, 'latency': 91, 'rem_sleep': 94, 'restfulness': 90, 'timing': 61, 'total_sleep': 86}",88,"bc140798-0a1e-4b89-b04e-2bb79ab93d2d"
"2024-09-30","2024-09-30T00:00:00+00:00","{'deep_sleep': 97, 'efficiency': 97, 'latency': 97, 'rem_sleep': 68, 'restfulness': 87, 'timing': 67, 'total_sleep': 98}",90,"c6840f2e-4886-4cf4-9dd8-827627de8ae6"
"2024-10-01","2024-10-01T00:00:00+00:00","{'deep_sleep': 97, 'efficiency': 93, 'latency': 51, 'rem_sleep': 83, 'restfulness': 91, 'timing': 82, 'total_sleep': 84}",84,"8e916276-deb3-4d89-ad32-34b8b15807b4"
"2024-10-02","2024-10-02T00:00:00+00:00","{'deep_sleep': 96, 'efficiency': 98, 'latency': 97, 'rem_sleep': 85, 'restfulness': 89, 'timing': 94, 'total_sleep': 92}",93,"5ec088b5-8a0d-461b-a1e7-cbed6abdeb0d"
"2024-10-03","2024-10-03T00:00:00+00:00","{'deep_sleep': 97, 'efficiency': 98, 'latency': 83, 'rem_sleep': 85, 'restfulness': 86, 'timing': 68, 'total_sleep': 87}",86,"6e1301ae-d0ff-4e7d-b5f5-242e04b2ae2d"
"2024-10-04","2024-10-04T00:00:00+00:00","{'deep_sleep': 73, 'efficiency': 96, 'latency': 75, 'rem_sleep': 35, 'restfulness': 74, 'timing': 23, 'total_sleep': 47}",58,"173fcb93-c2ab-4d59-803c-b84aec66751d"
"2024-10-05","2024-10-05T00:00:00+00:00","{'deep_sleep': 97, 'efficiency': 98, 'latency': 83, 'rem_sleep': 100, 'restfulness': 88, 'timing': 35, 'total_sleep': 99}",89,"174e41f4-ef4c-4b27-b2c6-6794fa9b6deb"
"2024-10-07","2024-10-07T00:00:00+00:00","{'deep_sleep': 96, 'efficiency': 99, 'latency': 67, 'rem_sleep': 97, 'restfulness': 94, 'timing': 83, 'total_sleep': 94}",91,"79c9376b-8eb5-4782-adbd-93319d8420f9"
"2024-10-08","2024-10-08T00:00:00+00:00","{'deep_sleep': 99, 'efficiency': 99, 'latency': 97, 'rem_sleep': 64, 'restfulness': 97, 'timing': 49, 'total_sleep': 75}",82,"e812b568-c9dd-4ed6-82a2-5ef341a8b0bd"
"2024-10-09","2024-10-09T00:00:00+00:00","{'deep_sleep': 99, 'efficiency': 100, 'latency': 89, 'rem_sleep': 96, 'restfulness': 94, 'timing': 89, 'total_sleep': 89}",93,"89ae3caf-56c4-4b17-8efb-944053b26dab"
"2024-10-10","2024-10-10T00:00:00+00:00","{'deep_sleep': 72, 'efficiency': 95, 'latency': 75, 'rem_sleep': 59, 'restfulness': 96, 'timing': 100, 'total_sleep': 50}",72,"1bfcd9e0-2fc2-424f-a152-a045a8b05f85"
"2024-10-11","2024-10-11T00:00:00+00:00","{'deep_sleep': 99, 'efficiency': 99, 'latency': 81, 'rem_sleep': 96, 'restfulness': 88, 'timing': 85, 'total_sleep': 96}",93,"5a9bb5ba-1922-4609-98d5-8f58a2b056ed"
"2024-10-12","2024-10-12T00:00:00+00:00","{'deep_sleep': 97, 'efficiency': 88, 'latency': 72, 'rem_sleep': 72, 'restfulness': 82, 'timing': 87, 'total_sleep': 85}",84,"e77994eb-7b5d-4db4-ad78-ecd738497a7f"
"2024-10-13","2024-10-13T00:00:00+00:00","{'deep_sleep': 78, 'efficiency': 97, 'latency': 78, 'rem_sleep': 96, 'restfulness': 87, 'timing': 78, 'total_sleep': 91}",88,"7db936e7-751c-4762-98a8-7a331bc31126"
"2024-10-14","2024-10-14T00:00:00+00:00","{'deep_sleep': 99, 'efficiency': 100, 'latency': 83, 'rem_sleep': 98, 'restfulness': 98, 'timing': 83, 'total_sleep': 100}",96,"55f44e63-d9ac-4f5f-bc97-b06a1da46f2e"
"2024-10-15","2024-10-15T00:00:00+00:00","{'deep_sleep': 97, 'efficiency': 98, 'latency': 72, 'rem_sleep': 82, 'restfulness': 98, 'timing': 99, 'total_sleep': 73}",85,"5672c572-56c7-4a72-a585-1ab0730ba991"
"2024-10-16","2024-10-16T00:00:00+00:00","{'deep_sleep': 92, 'efficiency': 96, 'latency': 91, 'rem_sleep': 85, 'restfulness': 92, 'timing': 74, 'total_sleep': 81}",86,"882c078f-ec1d-4d22-bd7f-c5e8cd222ba9"
"2024-10-17","2024-10-17T00:00:00+00:00","{'deep_sleep': 94, 'efficiency': 96, 'latency': 86, 'rem_sleep': 59, 'restfulness': 86, 'timing': 52, 'total_sleep': 62}",73,"1b71cfbc-940a-465c-acc3-a23c37f45d0c"
"2024-10-18","2024-10-18T00:00:00+00:00","{'deep_sleep': 96, 'efficiency': 100, 'latency': 94, 'rem_sleep': 95, 'restfulness': 98, 'timing': 69, 'total_sleep': 81}",88,"18a261c1-fea8-4b3b-b54c-6a4e1595d67f"
"2024-10-19","2024-10-19T00:00:00+00:00","{'deep_sleep': 100, 'efficiency': 90, 'latency': 62, 'rem_sleep': 97, 'restfulness': 93, 'timing': 68, 'total_sleep': 100}",91,"114271b1-6043-4386-91c6-2684e1e7b255"
"2024-10-20","2024-10-20T00:00:00+00:00","{'deep_sleep': 96, 'efficiency': 100, 'latency': 89, 'rem_sleep': 93, 'restfulness': 95, 'timing': 63, 'total_sleep': 84}",88,"fac7b5f2-9ec3-4754-bc7c-7f9cca53a79d"
"2024-10-21","2024-10-21T00:00:00+00:00","{'deep_sleep': 100, 'efficiency': 93, 'latency': 46, 'rem_sleep': 87, 'restfulness': 95, 'timing': 94, 'total_sleep': 94}",89,"c9cb6041-9379-437f-8ff9-5055acc21619"
"2024-10-22","2024-10-21T20:00:00-04:00","{'deep_sleep': 95, 'efficiency': 100, 'latency': 94, 'rem_sleep': 77, 'restfulness': 98, 'timing': 89, 'total_sleep': 87}",91,"85876d99-dc5d-4bd1-8adf-4a42e9df048d"
"2024-10-23","2024-10-23T00:00:00+00:00","{'deep_sleep': 97, 'efficiency': 99, 'latency': 97, 'rem_sleep': 95, 'restfulness': 87, 'timing': 88, 'total_sleep': 86}",91,"8329c1d5-3465-4dad-b1b3-7efb8dab76f3"
"2024-10-24","2024-10-24T00:00:00+00:00","{'deep_sleep': 99, 'efficiency': 100, 'latency': 91, 'rem_sleep': 84, 'restfulness': 95, 'timing': 58, 'total_sleep': 77}",84,"46d2bc6c-31e1-48b6-a665-b02aebcaf123"
"2024-10-25","2024-10-25T00:00:00+00:00","{'deep_sleep': 100, 'efficiency': 98, 'latency': 97, 'rem_sleep': 99, 'restfulness': 94, 'timing': 57, 'total_sleep': 97}",93,"525f8188-e118-487a-b59d-b8d16e46c7b0"
"2024-10-26","2024-10-26T00:00:00+00:00","{'deep_sleep': 92, 'efficiency': 97, 'latency': 89, 'rem_sleep': 85, 'restfulness': 88, 'timing': 76, 'total_sleep': 84}",87,"aeb7cf92-36d8-4ed2-983b-6f29241603fd"
"2024-10-27","2024-10-27T00:00:00+00:00","{'deep_sleep': 94, 'efficiency': 95, 'latency': 97, 'rem_sleep': 100, 'restfulness': 92, 'timing': 95, 'total_sleep': 97}",96,"709d7732-c72a-4de9-ab66-b9242dade809"
"2024-10-28","2024-10-28T00:00:00+00:00","{'deep_sleep': 97, 'efficiency': 97, 'latency': 94, 'rem_sleep': 80, 'restfulness': 85, 'timing': 72, 'total_sleep': 79}",84,"0d47c06c-811c-4d88-a5e6-1a60b602690b"
"2024-10-29","2024-10-29T00:00:00+00:00","{'deep_sleep': 99, 'efficiency': 98, 'latency': 70, 'rem_sleep': 95, 'restfulness': 84, 'timing': 82, 'total_sleep': 91}",89,"ba43700d-8d96-422f-bcb9-75dc6abddca8"
"2024-10-30","2024-10-29T20:00:00-04:00","{'deep_sleep': 96, 'efficiency': 98, 'latency': 97, 'rem_sleep': 72, 'restfulness': 96, 'timing': 68, 'total_sleep': 68}",81,"1dbb232a-1bde-4e8d-8854-2341a8eb584f"
"2024-10-31","2024-10-31T00:00:00+00:00","{'deep_sleep': 95, 'efficiency': 93, 'latency': 86, 'rem_sleep': 97, 'restfulness': 88, 'timing': 55, 'total_sleep': 85}",86,"2f33ba78-af43-414f-b745-d6040fc66dc8"
"2024-11-01","2024-11-01T00:00:00+00:00","{'deep_sleep': 96, 'efficiency': 83, 'latency': 83, 'rem_sleep': 39, 'restfulness': 59, 'timing': 55, 'total_sleep': 61}",66,"70993795-f7fc-42b9-91a2-dc2f00879eff"
"2024-11-02","2024-11-02T00:00:00+00:00","{'deep_sleep': 92, 'efficiency': 93, 'latency': 81, 'rem_sleep': 75, 'restfulness': 79, 'timing': 20, 'total_sleep': 64}",70,"9ee0235c-cc89-4d52-b5c7-7d7eb8b3fad1"
"2024-11-03","2024-11-03T00:00:00+00:00","{'deep_sleep': 94, 'efficiency': 96, 'latency': 91, 'rem_sleep': 72, 'restfulness': 84, 'timing': 32, 'total_sleep': 56}",71,"8b036234-27e5-4134-9e0c-6f9de413e2da"
"2024-11-04","2024-11-04T00:00:00+00:00","{'deep_sleep': 99, 'efficiency': 98, 'latency': 81, 'rem_sleep': 99, 'restfulness': 85, 'timing': 59, 'total_sleep': 86}",86,"b99951ed-b558-4222-9378-9495242988fa"
"2024-11-05","2024-11-05T00:00:00+00:00","{'deep_sleep': 99, 'efficiency': 99, 'latency': 89, 'rem_sleep': 99, 'restfulness': 95, 'timing': 61, 'total_sleep': 80}",87,"44ce97c4-3b14-4f67-9f9f-de643c3a9c22"
"2024-11-06","2024-11-06T00:00:00+00:00","{'deep_sleep': 100, 'efficiency': 100, 'latency': 97, 'rem_sleep': 98, 'restfulness': 92, 'timing': 91, 'total_sleep': 92}",95,"8f5481b7-cd34-44a4-82bc-0341fcdb7e59"
"2024-11-09","2024-11-09T00:00:00+00:00","{'deep_sleep': 95, 'efficiency': 81, 'latency': 75, 'rem_sleep': 55, 'restfulness': 78, 'timing': 40, 'total_sleep': 47}",63,"f06a5fe3-6d71-446f-840d-ca023fe385a1"
"2024-11-12","2024-11-12T00:00:00+00:00","{'deep_sleep': 99, 'efficiency': 100, 'latency': 89, 'rem_sleep': 97, 'restfulness': 93, 'timing': 53, 'total_sleep': 92}",90,"234ec7b6-525c-4b69-852b-ddccc62c7658"
"2024-11-13","2024-11-13T00:00:00+00:00","{'deep_sleep': 93, 'efficiency': 100, 'latency': 78, 'rem_sleep': 94, 'restfulness': 91, 'timing': 86, 'total_sleep': 84}",88,"4f429830-9e3f-45fe-97d7-a8d2fb4511aa"
"2024-11-14","2024-11-14T00:00:00+00:00","{'deep_sleep': 95, 'efficiency': 97, 'latency': 91, 'rem_sleep': 78, 'restfulness': 87, 'timing': 50, 'total_sleep': 86}",84,"26f4e16e-ed32-446f-b714-de76dc65c436"
"2024-11-15","2024-11-15T00:00:00+00:00","{'deep_sleep': 83, 'efficiency': 98, 'latency': 94, 'rem_sleep': 69, 'restfulness': 87, 'timing': 49, 'total_sleep': 67}",76,"65252858-df63-435b-84f3-c33b4eb5f5dc"
"2024-11-17","2024-11-17T00:00:00+00:00","{'deep_sleep': 99, 'efficiency': 98, 'latency': 91, 'rem_sleep': 100, 'restfulness': 86, 'timing': 79, 'total_sleep': 100}",95,"59cb1ecd-595e-4599-aca6-462e7830e72c"
"2024-11-18","2024-11-18T00:00:00+00:00","{'deep_sleep': 96, 'efficiency': 98, 'latency': 89, 'rem_sleep': 81, 'restfulness': 80, 'timing': 56, 'total_sleep': 83}",83,"dbd35d98-7fe2-44aa-8c3c-6d603169fbfd"
"2024-11-19","2024-11-19T00:00:00+00:00","{'deep_sleep': 98, 'efficiency': 97, 'latency': 75, 'rem_sleep': 97, 'restfulness': 97, 'timing': 68, 'total_sleep': 94}",91,"5ad4f0d7-61af-4deb-8b2e-f362c8953c0f"
"2024-11-20","2024-11-20T00:00:00+00:00","{'deep_sleep': 96, 'efficiency': 99, 'latency': 91, 'rem_sleep': 97, 'restfulness': 95, 'timing': 82, 'total_sleep': 81}",89,"61960b40-5055-4bba-b23d-abdf20dee202"
"2024-11-21","2024-11-21T00:00:00+00:00","{'deep_sleep': 97, 'efficiency': 100, 'latency': 83, 'rem_sleep': 87, 'restfulness': 98, 'timing': 37, 'total_sleep': 76}",82,"de717fca-ae55-4f12-ab18-060145ae36c5"
"2024-11-22","2024-11-22T00:00:00+00:00","{'deep_sleep': 100, 'efficiency': 97, 'latency': 91, 'rem_sleep': 76, 'restfulness': 98, 'timing': 45, 'total_sleep': 74}",81,"c3aa1368-d027-4212-ba51-741af3e2c50c"
"2024-11-23","2024-11-23T00:00:00+00:00","{'deep_sleep': 96, 'efficiency': 96, 'latency': 97, 'rem_sleep': 94, 'restfulness': 94, 'timing': 66, 'total_sleep': 93}",92,"6935267d-ad67-4961-bd09-88f52c999413"
"2024-11-24","2024-11-24T00:00:00+00:00","{'deep_sleep': 99, 'efficiency': 100, 'latency': 81, 'rem_sleep': 100, 'restfulness': 91, 'timing': 75, 'total_sleep': 100}",94,"ef669905-857f-429b-90d5-e908cad299c4"
"2024-11-25","2024-11-25T00:00:00+00:00","{'deep_sleep': 99, 'efficiency': 96, 'latency': 67, 'rem_sleep': 93, 'restfulness': 88, 'timing': 70, 'total_sleep': 100}",91,"8bd0c057-2ce8-496d-8ce0-d8bc3aa6d446"
"2024-11-27","2024-11-27T00:00:00+00:00","{'deep_sleep': 98, 'efficiency': 97, 'latency': 97, 'rem_sleep': 94, 'restfulness': 82, 'timing': 76, 'total_sleep': 100}",94,"e8586ddd-8220-4a26-8bb6-3e7e717ff1a6"
"2024-11-28","2024-11-28T00:00:00+00:00","{'deep_sleep': 88, 'efficiency': 79, 'latency': 86, 'rem_sleep': 51, 'restfulness': 76, 'timing': 47, 'total_sleep': 51}",64,"7d07b165-24ba-4901-b97e-52045e0ecead"
"2024-11-29","2024-11-29T00:00:00+00:00","{'deep_sleep': 95, 'efficiency': 97, 'latency': 67, 'rem_sleep': 92, 'restfulness': 98, 'timing': 74, 'total_sleep': 86}",87,"7e6fdc3d-c5e0-4cb8-9846-b459517382eb"
"2024-11-30","2024-11-30T00:00:00+00:00","{'deep_sleep': 96, 'efficiency': 100, 'latency': 75, 'rem_sleep': 96, 'restfulness': 95, 'timing': 55, 'total_sleep': 88}",87,"c2eb6e9f-06a1-4579-b60b-5ea92cad82db"
"2024-12-01","2024-12-01T00:00:00+00:00","{'deep_sleep': 75, 'efficiency': 97, 'latency': 89, 'rem_sleep': 72, 'restfulness': 88, 'timing': 88, 'total_sleep': 81}",84,"66f0760e-c6b2-42dc-86a1-125b4ac30b05"
"2024-12-02","2024-12-02T00:00:00+00:00","{'deep_sleep': 96, 'efficiency': 96, 'latency': 83, 'rem_sleep': 71, 'restfulness': 98, 'timing': 39, 'total_sleep': 71}",78,"5622e007-780c-42f8-9b1a-17876e8c66b2"
"2024-12-09","2024-12-09T00:00:00+00:00","{'deep_sleep': 96, 'efficiency': 98, 'latency': 75, 'rem_sleep': 70, 'restfulness': 95, 'timing': 34, 'total_sleep': 76}",78,"63bf872a-986e-470e-8754-cfde34d11579"
"2024-12-10","2024-12-10T00:00:00+00:00","{'deep_sleep': 100, 'efficiency': 95, 'latency': 40, 'rem_sleep': 98, 'restfulness': 95, 'timing': 54, 'total_sleep': 97}",87,"502cb202-24e8-402d-b4eb-335cac9042c9"
"2024-12-11","2024-12-11T00:00:00+00:00","{'deep_sleep': 97, 'efficiency': 97, 'latency': 78, 'rem_sleep': 73, 'restfulness': 95, 'timing': 100, 'total_sleep': 83}",88,"e0c5d123-f86f-4605-aa58-65e8ec4b9645"
"2024-12-12","2024-12-12T00:00:00+00:00","{'deep_sleep': 96, 'efficiency': 96, 'latency': 94, 'rem_sleep': 60, 'restfulness': 81, 'timing': 57, 'total_sleep': 73}",78,"b3018d97-08ae-4ee8-8091-3eab6caf6b7f"
"2024-12-13","2024-12-13T00:00:00+00:00","{'deep_sleep': 89, 'efficiency': 95, 'latency': 91, 'rem_sleep': 70, 'restfulness': 93, 'timing': 75, 'total_sleep': 92}",88,"6b8cdac6-445e-47a0-b166-40ad73e34d7e"
"2024-12-15","2024-12-15T00:00:00+00:00","{'deep_sleep': 86, 'efficiency': 86, 'latency': 67, 'rem_sleep': 57, 'restfulness': 81, 'timing': 29, 'total_sleep': 62}",66,"e21f3412-369b-4e25-b770-2a052ae52ab8"
"2024-12-16","2024-12-16T00:00:00+00:00","{'deep_sleep': 98, 'efficiency': 96, 'latency': 70, 'rem_sleep': 91, 'restfulness': 99, 'timing': 89, 'total_sleep': 70}",84,"c2f4e92f-e19f-444a-93bf-f19ae4b5302d"
"2024-12-17","2024-12-17T00:00:00+00:00","{'deep_sleep': 96, 'efficiency': 99, 'latency': 94, 'rem_sleep': 95, 'restfulness': 94, 'timing': 66, 'total_sleep': 76}",86,"65b20566-8270-443d-aebd-5341fe0ef40d"
"2024-12-18","2024-12-18T00:00:00+00:00","{'deep_sleep': 100, 'efficiency': 96, 'latency': 97, 'rem_sleep': 97, 'restfulness': 95, 'timing': 98, 'total_sleep': 95}",96,"41d728fd-9d92-444a-a731-8aa87da930ff"
"2024-12-19","2024-12-19T00:00:00+00:00","{'deep_sleep': 96, 'efficiency': 97, 'latency': 83, 'rem_sleep': 85, 'restfulness': 95, 'timing': 52, 'total_sleep': 89}",87,"a4e2a6c0-e1fb-44e9-9149-476d6b016ee4"
"2024-12-22","2024-12-22T00:00:00+00:00","{'deep_sleep': 96, 'efficiency': 98, 'latency': 91, 'rem_sleep': 90, 'restfulness': 95, 'timing': 68, 'total_sleep': 81}",87,"a091735b-821d-4046-b8ee-be1d7527d48b"
"2024-12-23","2024-12-23T00:00:00+00:00","{'deep_sleep': 96, 'efficiency': 98, 'latency': 97, 'rem_sleep': 96, 'restfulness': 89, 'timing': 88, 'total_sleep': 87}",91,"5607d4aa-309c-425b-b3a0-b3b78e138148"
"2024-12-24","2024-12-24T00:00:00+00:00","{'deep_sleep': 95, 'efficiency': 98, 'latency': 83, 'rem_sleep': 93, 'restfulness': 88, 'timing': 78, 'total_sleep': 84}",87,"44751c73-2aa6-41c4-8230-0ce133c021ec"
"2024-12-25","2024-12-25T00:00:00+00:00","{'deep_sleep': 97, 'efficiency': 98, 'latency': 67, 'rem_sleep': 84, 'restfulness': 83, 'timing': 77, 'total_sleep': 88}",86,"19019b56-acc5-4131-a8db-295d58dbc435"
"2024-12-26","2024-12-26T00:00:00+00:00","{'deep_sleep': 95, 'efficiency': 97, 'latency': 99, 'rem_sleep': 97, 'restfulness': 93, 'timing': 83, 'total_sleep': 96}",95,"12e1dc58-292f-467c-a4d9-0d05fe8e56b2"
"2024-12-29","2024-12-29T00:00:00+00:00","{'deep_sleep': 96, 'efficiency': 100, 'latency': 97, 'rem_sleep': 74, 'restfulness': 95, 'timing': 61, 'total_sleep': 83}",86,"42e2698a-f8d8-4df5-ba6d-8da7deeabc48"
"2024-12-30","2024-12-30T00:00:00+00:00","{'deep_sleep': 96, 'efficiency': 93, 'latency': 89, 'rem_sleep': 75, 'restfulness': 81, 'timing': 82, 'total_sleep': 77}",83,"a6ea1952-6917-472b-a848-4472c3598fd1"
"2024-12-31","2024-12-31T00:00:00+00:00","{'deep_sleep': 56, 'efficiency': 58, 'latency': 78, 'rem_sleep': 47, 'restfulness': 47, 'timing': 16, 'total_sleep': 71}",57,"080ba12b-4979-44a6-9b15-7b67783278a6"
"2025-01-02","2025-01-02T00:00:00+00:00","{'deep_sleep': 88, 'efficiency': 98, 'latency': 91, 'rem_sleep': 100, 'restfulness': 87, 'timing': 100, 'total_sleep': 97}",95,"b05d9a7c-ca53-4938-bfaf-019031632cc3"
"2025-01-03","2025-01-03T00:00:00+00:00","{'deep_sleep': 96, 'efficiency': 96, 'latency': 91, 'rem_sleep': 97, 'restfulness': 79, 'timing': 100, 'total_sleep': 93}",92,"1ed56091-1ec1-461c-8c93-8030c49a7834"
"2025-01-06","2025-01-06T00:00:00+00:00","{'deep_sleep': 96, 'efficiency': 98, 'latency': 86, 'rem_sleep': 96, 'restfulness': 90, 'timing': 100, 'total_sleep': 88}",92,"7c70252c-c457-4b12-a235-1191062c2aad"
"2025-01-07","2025-01-07T00:00:00+00:00","{'deep_sleep': 94, 'efficiency': 99, 'latency': 91, 'rem_sleep': 71, 'restfulness': 96, 'timing': 59, 'total_sleep': 66}",79,"ade0eb23-006c-46db-8574-75d5ed0a583b"
"2025-01-08","2025-01-08T00:00:00+00:00","{'deep_sleep': 99, 'efficiency': 99, 'latency': 89, 'rem_sleep': 98, 'restfulness': 89, 'timing': 93, 'total_sleep': 91}",93,"ee9a65d8-db3a-482d-8a44-01da3f0c8552"
"2025-01-09","2025-01-09T00:00:00+00:00","{'deep_sleep': 98, 'efficiency': 96, 'latency': 97, 'rem_sleep': 97, 'restfulness': 94, 'timing': 98, 'total_sleep': 92}",95,"fc2d5429-d46b-4231-a683-dfa0413f9962"
"2025-01-10","2025-01-10T00:00:00+00:00","{'deep_sleep': 77, 'efficiency': 97, 'latency': 81, 'rem_sleep': 83, 'restfulness': 90, 'timing': 95, 'total_sleep': 70}",81,"b42be253-5e60-49b9-96c2-63d0fefd7e24"
"2025-01-14","2025-01-14T00:00:00+00:00","{'deep_sleep': 38, 'efficiency': 83, 'latency': 78, 'rem_sleep': 56, 'restfulness': 74, 'timing': 99, 'total_sleep': 70}",71,"f9343214-5641-4556-8d3b-ad60635e1644"
"2025-01-15","2025-01-15T00:00:00+00:00","{'deep_sleep': 95, 'efficiency': 99, 'latency': 81, 'rem_sleep': 99, 'restfulness': 94, 'timing': 91, 'total_sleep': 75}",87,"ae6bdd79-e92a-405c-8ed9-7e18b763310e"
"2025-01-16","2025-01-16T00:00:00+00:00","{'deep_sleep': 97, 'efficiency': 98, 'latency': 89, 'rem_sleep': 64, 'restfulness': 93, 'timing': 84, 'total_sleep': 69}",81,"27cae103-6723-4d8c-9f94-c69343963a7b"
"2025-01-17","2025-01-17T00:00:00+00:00","{'deep_sleep': 90, 'efficiency': 100, 'latency': 89, 'rem_sleep': 89, 'restfulness': 98, 'timing': 60, 'total_sleep': 74}",83,"b1662246-07f3-447b-83ec-b974da8390ac"
"2025-01-18","2025-01-18T00:00:00+00:00","{'deep_sleep': 99, 'efficiency': 99, 'latency': 89, 'rem_sleep': 98, 'restfulness': 94, 'timing': 92, 'total_sleep': 89}",93,"2fa1a891-abe6-4587-aa24-03a78925f30f"
"2025-01-19","2025-01-19T00:00:00+00:00","{'deep_sleep': 100, 'efficiency': 96, 'latency': 78, 'rem_sleep': 95, 'restfulness': 98, 'timing': 74, 'total_sleep': 87}",89,"ddeb0a31-c2f7-491f-8ef7-da8d3e153028"
"2025-01-20","2025-01-20T00:00:00+00:00","{'deep_sleep': 71, 'efficiency': 98, 'latency': 97, 'rem_sleep': 52, 'restfulness': 97, 'timing': 34, 'total_sleep': 51}",68,"5784103a-a978-461c-addd-dc82b207c5ee"
"2025-01-21","2025-01-21T00:00:00+00:00","{'deep_sleep': 100, 'efficiency': 98, 'latency': 78, 'rem_sleep': 100, 'restfulness': 90, 'timing': 100, 'total_sleep': 100}",96,"02a176f2-dc3f-4afe-80bd-fb25a7ccc377"
"2025-01-22","2025-01-22T00:00:00+00:00","{'deep_sleep': 69, 'efficiency': 81, 'latency': 72, 'rem_sleep': 41, 'restfulness': 84, 'timing': 69, 'total_sleep': 33}",57,"53377f76-c0e8-4c55-b795-371ee4a326e8"
"2025-01-23","2025-01-23T00:00:00+00:00","{'deep_sleep': 86, 'efficiency': 98, 'latency': 97, 'rem_sleep': 55, 'restfulness': 97, 'timing': 100, 'total_sleep': 56}",78,"f70cfe9f-b924-4fa6-9e29-9085a2e0a295"
"2025-01-24","2025-01-24T00:00:00+00:00","{'deep_sleep': 96, 'efficiency': 95, 'latency': 67, 'rem_sleep': 38, 'restfulness': 92, 'timing': 18, 'total_sleep': 46}",61,"253e2545-2e51-4e19-8dee-0d3a76305b27"
"2025-01-30","2025-01-30T00:00:00+00:00","{'deep_sleep': 99, 'efficiency': 99, 'latency': 83, 'rem_sleep': 100, 'restfulness': 94, 'timing': 98, 'total_sleep': 100}",97,"44d5f37e-311d-420b-8ece-580643c4caf4"
"2025-01-31","2025-01-31T00:00:00+00:00","{'deep_sleep': 86, 'efficiency': 97, 'latency': 97, 'rem_sleep': 76, 'restfulness': 84, 'timing': 98, 'total_sleep': 82}",87,"9f61e94f-49a4-4fd5-94e3-16ac80d59dac"
"2025-02-01","2025-02-01T00:00:00+00:00","{'deep_sleep': 95, 'efficiency': 99, 'latency': 86, 'rem_sleep': 75, 'restfulness': 89, 'timing': 76, 'total_sleep': 86}",87,"4cbe594a-742d-45b6-a73a-cfe17ca3d0ca"
"2025-02-02","2025-02-02T00:00:00+00:00","{'deep_sleep': 95, 'efficiency': 93, 'latency': 99, 'rem_sleep': 47, 'restfulness': 86, 'timing': 38, 'total_sleep': 44}",65,"ee6dc38d-3484-408b-8547-226c25be4e61"
"2025-02-03","2025-02-03T00:00:00+00:00","{'deep_sleep': 98, 'efficiency': 98, 'latency': 78, 'rem_sleep': 99, 'restfulness': 83, 'timing': 59, 'total_sleep': 95}",89,"d4706fd2-8306-488d-b4a6-ee8fcea823e0"
"2025-02-05","2025-02-05T00:00:00+00:00","{'deep_sleep': 96, 'efficiency': 90, 'latency': 97, 'rem_sleep': 90, 'restfulness': 90, 'timing': 51, 'total_sleep': 73}",81,"ba0d1757-00ac-4ccd-86c5-3ede5c655b9e"
"2025-02-06","2025-02-06T00:00:00+00:00","{'deep_sleep': 77, 'efficiency': 99, 'latency': 89, 'rem_sleep': 84, 'restfulness': 94, 'timing': 83, 'total_sleep': 80}",85,"1dce496c-96c1-415d-89d3-0ac8373134ef"
"2025-02-07","2025-02-07T00:00:00+00:00","{'deep_sleep': 82, 'efficiency': 95, 'latency': 86, 'rem_sleep': 64, 'restfulness': 93, 'timing': 100, 'total_sleep': 57}",77,"540c9d1f-72f2-46d2-89d9-5a423cca6859"
"2025-02-08","2025-02-08T00:00:00+00:00","{'deep_sleep': 83, 'efficiency': 96, 'latency': 78, 'rem_sleep': 85, 'restfulness': 94, 'timing': 10, 'total_sleep': 59}",70,"9451e884-13b5-4398-ae03-1f23032cb60d"
"2025-02-09","2025-02-09T00:00:00+00:00","{'deep_sleep': 70, 'efficiency': 41, 'latency': 43, 'rem_sleep': 96, 'restfulness': 53, 'timing': 77, 'total_sleep': 100}",76,"591e4ab1-0a2b-4624-a2f0-0d1ccda2cede"
"2025-02-11","2025-02-11T00:00:00+00:00","{'deep_sleep': 97, 'efficiency': 86, 'latency': 81, 'rem_sleep': 67, 'restfulness': 93, 'timing': 44, 'total_sleep': 53}",70,"c6ecd7a3-9bcd-46bf-aafb-1306cc7c61e7"
"2025-02-12","2025-02-12T00:00:00+00:00","{'deep_sleep': 95, 'efficiency': 100, 'latency': 70, 'rem_sleep': 69, 'restfulness': 91, 'timing': 100, 'total_sleep': 71}",82,"87271157-1b93-4e6d-a8e8-153909da77a1"
"2025-02-19","2025-02-19T00:00:00+00:00","{'deep_sleep': 98, 'efficiency': 99, 'latency': 89, 'rem_sleep': 85, 'restfulness': 95, 'timing': 49, 'total_sleep': 86}",86,"0b336135-fadc-4bee-b7ec-d91560c3d6b3"
"2025-02-20","2025-02-20T00:00:00+00:00","{'deep_sleep': 89, 'efficiency': 97, 'latency': 67, 'rem_sleep': 96, 'restfulness': 94, 'timing': 62, 'total_sleep': 85}",85,"da8cf01a-169d-4c67-8942-ef9f7b93190e"
"2025-02-21","2025-02-21T00:00:00+00:00","{'deep_sleep': 92, 'efficiency': 93, 'latency': 83, 'rem_sleep': 74, 'restfulness': 97, 'timing': 20, 'total_sleep': 50}",68,"a2f895d1-31ce-453c-81dc-85dba48229ae"
"2025-02-22","2025-02-22T00:00:00+00:00","{'deep_sleep': 100, 'efficiency': 100, 'latency': 91, 'rem_sleep': 99, 'restfulness': 92, 'timing': 94, 'total_sleep': 100}",97,"ee1b8aa1-69ec-4e92-9f5f-b14017b531ee"
"2025-02-23","2025-02-23T00:00:00+00:00","{'deep_sleep': 95, 'efficiency': 99, 'latency': 97, 'rem_sleep': 82, 'restfulness': 91, 'timing': 67, 'total_sleep': 80}",86,"776e57d9-6035-47b2-a131-bab8331378f1"
"2025-02-25","2025-02-25T00:00:00+00:00","{'deep_sleep': 95, 'efficiency': 96, 'latency': 75, 'rem_sleep': 44, 'restfulness': 92, 'timing': 100, 'total_sleep': 49}",72,"43e3ac55-57df-4ae7-859f-cebbc99a2a97"
"2025-02-26","2025-02-26T00:00:00+00:00","{'deep_sleep': 92, 'efficiency': 97, 'latency': 81, 'rem_sleep': 56, 'restfulness': 93, 'timing': 100, 'total_sleep': 56}",76,"bf69a886-1c57-4b15-9a17-0c0328dbddba"
"2025-02-27","2025-02-27T00:00:00+00:00","{'deep_sleep': 37, 'efficiency': 86, 'latency': 81, 'rem_sleep': 31, 'restfulness': 79, 'timing': 96, 'total_sleep': 27}",54,"954fbada-84c9-4815-844d-b8bb64dda333"
"2025-02-28","2025-02-28T00:00:00+00:00","{'deep_sleep': 97, 'efficiency': 97, 'latency': 97, 'rem_sleep': 100, 'restfulness': 89, 'timing': 100, 'total_sleep': 100}",98,"bfa50e5e-65ec-4f31-91b3-8263e0962a33"
"2025-03-02","2025-03-02T00:00:00+00:00","{'deep_sleep': 57, 'efficiency': 96, 'latency': 99, 'rem_sleep': 47, 'restfulness': 86, 'timing': 100, 'total_sleep': 32}",64,"5c297788-5124-45a4-905a-ac294d6153b3"
"2025-03-04","2025-03-04T00:00:00+00:00","{'deep_sleep': 80, 'efficiency': 86, 'latency': 89, 'rem_sleep': 57, 'restfulness': 77, 'timing': 54, 'total_sleep': 80}",76,"f1f354f7-7842-4b45-a01a-b6bbabceab34"
"2025-03-05","2025-03-05T00:00:00+00:00","{'deep_sleep': 97, 'efficiency': 96, 'latency': 97, 'rem_sleep': 100, 'restfulness': 77, 'timing': 100, 'total_sleep': 98}",95,"b85df40a-27aa-4c50-90bb-1efa393fb500"
"2025-03-06","2025-03-06T00:00:00+00:00","{'deep_sleep': 80, 'efficiency': 98, 'latency': 97, 'rem_sleep': 79, 'restfulness': 78, 'timing': 78, 'total_sleep': 100}",90,"5172d35f-6206-46bc-a7d0-c5377da54e35"
"2025-03-07","2025-03-07T00:00:00+00:00","{'deep_sleep': 98, 'efficiency': 95, 'latency': 94, 'rem_sleep': 97, 'restfulness': 78, 'timing': 84, 'total_sleep': 100}",93,"9a73593a-6bbc-4ca8-8df5-ad793d2e2768"
"2025-03-08","2025-03-08T00:00:00+00:00","{'deep_sleep': 78, 'efficiency': 95, 'latency': 59, 'rem_sleep': 79, 'restfulness': 83, 'timing': 66, 'total_sleep': 100}",85,"0e35f6c1-266e-4877-b6ab-e675e95712f0"
"2025-03-09","2025-03-09T00:00:00+00:00","{'deep_sleep': 77, 'efficiency': 96, 'latency': 94, 'rem_sleep': 82, 'restfulness': 86, 'timing': 63, 'total_sleep': 70}",79,"3d839c70-f143-4a87-9d20-9e7bc45f4c56"
"2025-03-11","2025-03-11T00:00:00+00:00","{'deep_sleep': 95, 'efficiency': 96, 'latency': 91, 'rem_sleep': 93, 'restfulness': 91, 'timing': 91, 'total_sleep': 100}",95,"f7360cc7-552b-4e34-9e5a-76705e538ccf"
"2025-03-12","2025-03-12T00:00:00+00:00","{'deep_sleep': 86, 'efficiency': 97, 'latency': 91, 'rem_sleep': 65, 'restfulness': 94, 'timing': 42, 'total_sleep': 62}",74,"58f31092-d6e9-4c01-bd9a-e508c423d305"
"2025-03-13","2025-03-13T00:00:00+00:00","{'deep_sleep': 96, 'efficiency': 95, 'latency': 78, 'rem_sleep': 75, 'restfulness': 93, 'timing': 44, 'total_sleep': 73}",78,"08fda0e2-90fc-4a27-9f1a-103fc52cfe42"
"2025-03-16","2025-03-16T00:00:00+00:00","{'deep_sleep': 71, 'efficiency': 97, 'latency': 75, 'rem_sleep': 53, 'restfulness': 97, 'timing': 19, 'total_sleep': 54}",65,"fdea9cc7-1510-4b31-a119-e82ad592eed1"
"2025-03-17","2025-03-17T00:00:00+00:00","{'deep_sleep': 87, 'efficiency': 93, 'latency': 91, 'rem_sleep': 96, 'restfulness': 86, 'timing': 42, 'total_sleep': 86}",84,"6064de9e-66d7-4edb-be90-1959bb9f87cc"
"2025-03-18","2025-03-18T00:00:00+00:00","{'deep_sleep': 72, 'efficiency': 72, 'latency': 83, 'rem_sleep': 55, 'restfulness': 56, 'timing': 54, 'total_sleep': 67}",65,"df2a25ed-e433-430b-9b81-8e25d9452b7a"
"2025-03-19","2025-03-19T00:00:00+00:00","{'deep_sleep': 85, 'efficiency': 97, 'latency': 67, 'rem_sleep': 95, 'restfulness': 89, 'timing': 52, 'total_sleep': 82}",82,"1c162c8c-00c6-4fd0-bff8-f70268dc61e2"
"2025-03-21","2025-03-21T00:00:00+00:00","{'deep_sleep': 96, 'efficiency': 100, 'latency': 97, 'rem_sleep': 96, 'restfulness': 87, 'timing': 79, 'total_sleep': 92}",92,"e5b7fc05-66c5-45ea-b7a5-8affc8d107c9"
"2025-03-22","2025-03-22T00:00:00+00:00","{'deep_sleep': 96, 'efficiency': 99, 'latency': 78, 'rem_sleep': 99, 'restfulness': 96, 'timing': 87, 'total_sleep': 98}",95,"525ee385-587d-42bc-88fe-88fe391fe2ff"
"2025-03-24","2025-03-24T00:00:00+00:00","{'deep_sleep': 98, 'efficiency': 98, 'latency': 94, 'rem_sleep': 99, 'restfulness': 95, 'timing': 58, 'total_sleep': 95}",92,"2c50874d-d61f-4409-be5f-5e3fe97b9fa9"
"2025-03-25","2025-03-25T00:00:00+00:00","{'deep_sleep': 76, 'efficiency': 99, 'latency': 97, 'rem_sleep': 96, 'restfulness': 86, 'timing': 28, 'total_sleep': 93}",85,"b14ee764-819f-4876-93d1-56af86ca2927"
"2025-03-26","2025-03-26T00:00:00+00:00","{'deep_sleep': 96, 'efficiency': 99, 'latency': 86, 'rem_sleep': 100, 'restfulness': 93, 'timing': 82, 'total_sleep': 100}",95,"a2ef7c44-9f6d-453a-8aa0-c5bcc89bbac7"
"2025-03-27","2025-03-27T00:00:00+00:00","{'deep_sleep': 69, 'efficiency': 99, 'latency': 97, 'rem_sleep': 88, 'restfulness': 92, 'timing': 64, 'total_sleep': 91}",87,"d8b8923f-e058-4df9-8986-beee47ef53fb"
"2025-04-20","2025-04-20T00:00:00+00:00","{'deep_sleep': 95, 'efficiency': 93, 'latency': 94, 'rem_sleep': 66, 'restfulness': 88, 'timing': 100, 'total_sleep': 82}",87,"710a1124-c241-40b1-8b37-106f8ab07485"
"2025-04-23","2025-04-23T00:00:00+00:00","{'deep_sleep': 97, 'efficiency': 96, 'latency': 72, 'rem_sleep': 84, 'restfulness': 88, 'timing': 75, 'total_sleep': 72}",81,"802b93a7-762f-437d-b66e-3fc2b8356786"
"2025-04-24","2025-04-24T00:00:00+00:00","{'deep_sleep': 99, 'efficiency': 96, 'latency': 70, 'rem_sleep': 100, 'restfulness': 93, 'timing': 84, 'total_sleep': 93}",91,"9469248b-6448-412c-b9d0-2140040244a2"
"2025-04-25","2025-04-25T00:00:00+00:00","{'deep_sleep': 78, 'efficiency': 86, 'latency': 81, 'rem_sleep': 75, 'restfulness': 86, 'timing': 62, 'total_sleep': 62}",73,"f2290f63-a3ca-4770-ab82-ba68ba87fe2b"
"2025-05-03","2025-05-03T00:00:00+00:00","{'deep_sleep': 95, 'efficiency': 99, 'latency': 97, 'rem_sleep': 89, 'restfulness': 94, 'timing': 77, 'total_sleep': 83}",89,"3c0fe316-57dd-4170-9a4c-daec7d0dc327"
"2025-05-04","2025-05-04T00:00:00+00:00","{'deep_sleep': 80, 'efficiency': 97, 'latency': 86, 'rem_sleep': 89, 'restfulness': 93, 'timing': 100, 'total_sleep': 76}",86,"e00376f1-7d9b-46b3-827f-e6b685859471"
"2025-05-05","2025-05-05T00:00:00+00:00","{'deep_sleep': 78, 'efficiency': 88, 'latency': 72, 'rem_sleep': 49, 'restfulness': 77, 'timing': 51, 'total_sleep': 69}",70,"13cff393-d90e-4c4d-a5c8-15099534e907"
"2025-05-06","2025-05-06T00:00:00+00:00","{'deep_sleep': 97, 'efficiency': 98, 'latency': 94, 'rem_sleep': 75, 'restfulness': 86, 'timing': 100, 'total_sleep': 82}",88,"e7297da0-2251-4b07-b304-6fd1758cfb40"
"2025-05-07","2025-05-07T00:00:00+00:00","{'deep_sleep': 89, 'efficiency': 76, 'latency': 86, 'rem_sleep': 44, 'restfulness': 49, 'timing': 75, 'total_sleep': 50}",62,"941e7ae0-c7be-4abf-a2e4-7dfee988989f"
"2025-05-12","2025-05-12T00:00:00+00:00","{'deep_sleep': 94, 'efficiency': 97, 'latency': 97, 'rem_sleep': 98, 'restfulness': 86, 'timing': 57, 'total_sleep': 86}",87,"be67e7ee-7965-479f-9d54-e03c15fd6b24"
"2025-05-14","2025-05-14T00:00:00+00:00","{'deep_sleep': 97, 'efficiency': 99, 'latency': 94, 'rem_sleep': 68, 'restfulness': 88, 'timing': 52, 'total_sleep': 71}",79,"70468fad-f348-478a-a7a3-d9b54b17d4c5"
"2025-05-22","2025-05-22T00:00:00+00:00","{'deep_sleep': 100, 'efficiency': 97, 'latency': 56, 'rem_sleep': 91, 'restfulness': 89, 'timing': 52, 'total_sleep': 92}",85,"3dded5f1-1b04-4a24-9632-0a304d732e4b"
"2025-05-23","2025-05-23T00:00:00+00:00","{'deep_sleep': 100, 'efficiency': 100, 'latency': 89, 'rem_sleep': 98, 'restfulness': 97, 'timing': 72, 'total_sleep': 100}",95,"2f79f812-5cbf-4092-b065-bd8c032b2c2a"
"2025-05-24","2025-05-24T00:00:00+00:00","{'deep_sleep': 98, 'efficiency': 96, 'latency': 91, 'rem_sleep': 87, 'restfulness': 93, 'timing': 86, 'total_sleep': 97}",94,"d5a46fa1-9aa3-41f2-bc8e-5ed3ae8baccb"
"2025-05-25","2025-05-25T00:00:00+00:00","{'deep_sleep': 96, 'efficiency': 88, 'latency': 14, 'rem_sleep': 96, 'restfulness': 92, 'timing': 95, 'total_sleep': 99}",87,"8417f905-044b-491c-b084-15e0e709d822"
"2025-05-26","2025-05-26T00:00:00+00:00","{'deep_sleep': 96, 'efficiency': 97, 'latency': 67, 'rem_sleep': 96, 'restfulness': 95, 'timing': 95, 'total_sleep': 97}",93,"7c0676fe-443e-48a9-a0f3-99df552e86eb"
"2025-05-27","2025-05-27T00:00:00+00:00","{'deep_sleep': 98, 'efficiency': 100, 'latency': 83, 'rem_sleep': 98, 'restfulness': 91, 'timing': 74, 'total_sleep': 80}",87,"6e2129cf-b8a2-44f4-8aa6-0b3ca0c59ac5"
"2025-05-28","2025-05-28T00:00:00+00:00","{'deep_sleep': 97, 'efficiency': 99, 'latency': 97, 'rem_sleep': 86, 'restfulness': 94, 'timing': 71, 'total_sleep': 84}",89,"728d6d2d-fd04-44e2-9f53-bac2fb3ff711"
"2025-05-29","2025-05-29T00:00:00+00:00","{'deep_sleep': 100, 'efficiency': 95, 'latency': 67, 'rem_sleep': 68, 'restfulness': 91, 'timing': 100, 'total_sleep': 80}",85,"b6a9bd8f-626c-41b7-89ef-aabd1d82685a"
"2025-05-30","2025-05-30T00:00:00+00:00","{'deep_sleep': 99, 'efficiency': 90, 'latency': 56, 'rem_sleep': 89, 'restfulness': 96, 'timing': 76, 'total_sleep': 89}",87,"566537a1-14ec-4582-af30-57a0c6551773"
"2025-05-31","2025-05-31T00:00:00+00:00","{'deep_sleep': 95, 'efficiency': 99, 'latency': 72, 'rem_sleep': 89, 'restfulness': 88, 'timing': 51, 'total_sleep': 75}",80,"ff6425e8-3fef-4e58-ae78-e3edbba31771"
"2025-06-01","2025-06-01T00:00:00+00:00","{'deep_sleep': 100, 'efficiency': 98, 'latency': 97, 'rem_sleep': 93, 'restfulness': 89, 'timing': 88, 'total_sleep': 100}",96,"acfe2d74-749e-4dad-80aa-060c86d91ea2"
"2025-06-02","2025-06-02T00:00:00+00:00","{'deep_sleep': 92, 'efficiency': 83, 'latency': 51, 'rem_sleep': 77, 'restfulness': 80, 'timing': 100, 'total_sleep': 70}",77,"19c9e3d7-1cb6-4858-9241-ead8cfc624a7"
"2025-06-03","2025-06-03T00:00:00+00:00","{'deep_sleep': 99, 'efficiency': 100, 'latency': 91, 'rem_sleep': 95, 'restfulness': 85, 'timing': 100, 'total_sleep': 93}",94,"374353b7-67ec-4607-85c0-f1693717133c"
"2025-06-04","2025-06-04T00:00:00+00:00","{'deep_sleep': 95, 'efficiency': 97, 'latency': 97, 'rem_sleep': 97, 'restfulness': 81, 'timing': 100, 'total_sleep': 84}",90,"fd84bc3f-6f1b-4d29-b760-fe42d9769d71"
"2025-06-05","2025-06-05T00:00:00+00:00","{'deep_sleep': 97, 'efficiency': 96, 'latency': 99, 'rem_sleep': 71, 'restfulness': 91, 'timing': 100, 'total_sleep': 76}",87,"a6aaf54a-8019-43f1-be59-27472f4ba7fb"
"2025-06-06","2025-06-06T00:00:00+00:00","{'deep_sleep': 97, 'efficiency': 99, 'latency': 83, 'rem_sleep': 72, 'restfulness': 86, 'timing': 98, 'total_sleep': 73}",83,"c554bcc0-2c4f-4ea9-82d5-56600de64d35"
"2025-06-06","2025-06-06T00:00:00+00:00","{'deep_sleep': 97, 'efficiency': 99, 'latency': 83, 'rem_sleep': 72, 'restfulness': 86, 'timing': 98, 'total_sleep': 73}",83,"dca9eed9-e81a-4b72-a8ca-e8b7009f2919"
"2025-06-07","2025-06-07T00:00:00+00:00","{'deep_sleep': 98, 'efficiency': 100, 'latency': 97, 'rem_sleep': 97, 'restfulness': 91, 'timing': 93, 'total_sleep': 76}",89,"5c24bb10-1b9e-4bdb-a765-b18c5802652a"
"2025-06-07","2025-06-07T00:00:00+00:00","{'deep_sleep': 98, 'efficiency': 100, 'latency': 97, 'rem_sleep': 97, 'restfulness': 91, 'timing': 93, 'total_sleep': 76}",89,"ba950d5b-8955-4f3b-b053-ac55a5484cf1"
"2025-06-15","2025-06-15T00:00:00+00:00","{'deep_sleep': 100, 'efficiency': 90, 'latency': 72, 'rem_sleep': 94, 'restfulness': 91, 'timing': 72, 'total_sleep': 81}",85,"38df8163-2e20-4989-ad9a-84b94874ac48"
"2025-06-16","2025-06-16T00:00:00+00:00","{'deep_sleep': 97, 'efficiency': 99, 'latency': 78, 'rem_sleep': 89, 'restfulness': 98, 'timing': 93, 'total_sleep': 74}",86,"1dbe554e-8e73-4a82-b5d9-32075d9f1bbf"
"2025-06-18","2025-06-18T00:00:00+00:00","{'deep_sleep': 100, 'efficiency': 96, 'latency': 48, 'rem_sleep': 98, 'restfulness': 94, 'timing': 100, 'total_sleep': 89}",90,"05aab481-7a1c-4d9a-b3c9-5a71574c692d"
"2025-06-19","2025-06-19T00:00:00+00:00","{'deep_sleep': 96, 'efficiency': 98, 'latency': 67, 'rem_sleep': 95, 'restfulness': 94, 'timing': 100, 'total_sleep': 80}",88,"54142747-975b-4fde-8096-743fe0ce086c"
"2025-06-20","2025-06-20T00:00:00+00:00","{'deep_sleep': 71, 'efficiency': 98, 'latency': 83, 'rem_sleep': 78, 'restfulness': 91, 'timing': 100, 'total_sleep': 79}",84,"e2ad48a7-06bf-4009-8a87-925ef2b0031e"
"2025-06-21","2025-06-21T00:00:00+00:00","{'deep_sleep': 99, 'efficiency': 97, 'latency': 75, 'rem_sleep': 90, 'restfulness': 94, 'timing': 94, 'total_sleep': 84}",89,"39ffb8f4-cb73-4d0e-a66a-5324ff677f43"
"2025-06-22","2025-06-22T00:00:00+00:00","{'deep_sleep': 92, 'efficiency': 96, 'latency': 83, 'rem_sleep': 92, 'restfulness': 93, 'timing': 100, 'total_sleep': 75}",87,"4b2025ac-242e-4895-8aa4-a2926d129fba"
"2025-06-23","2025-06-23T00:00:00+00:00","{'deep_sleep': 98, 'efficiency': 97, 'latency': 78, 'rem_sleep': 93, 'restfulness': 94, 'timing': 100, 'total_sleep': 77}",88,"69b19735-8594-4695-aceb-6c961bc4f7cb"
"2025-06-24","2025-06-24T00:00:00+00:00","{'deep_sleep': 97, 'efficiency': 98, 'latency': 86, 'rem_sleep': 83, 'restfulness': 99, 'timing': 100, 'total_sleep': 80}",89,"999fa8d9-9e21-48b3-ab63-653b992ba154"
"2025-06-25","2025-06-25T00:00:00+00:00","{'deep_sleep': 97, 'efficiency': 99, 'latency': 94, 'rem_sleep': 97, 'restfulness': 91, 'timing': 100, 'total_sleep': 79}",90,"0a0351d0-6b68-4d70-8288-2e96e1ea195a"
"2025-06-26","2025-06-26T00:00:00+00:00","{'deep_sleep': 74, 'efficiency': 93, 'latency': 78, 'rem_sleep': 63, 'restfulness': 77, 'timing': 73, 'total_sleep': 83}",79,"f1d947ae-9b0a-4902-ad97-b09e7ce5b8c4"
"2025-06-27","2025-06-27T00:00:00+00:00","{'deep_sleep': 86, 'efficiency': 98, 'latency': 86, 'rem_sleep': 100, 'restfulness': 84, 'timing': 77, 'total_sleep': 100}",92,"a76caf40-ff1a-480d-8fde-3647bb071d52"
"2025-06-28","2025-06-28T00:00:00+00:00","{'deep_sleep': 81, 'efficiency': 96, 'latency': 81, 'rem_sleep': 88, 'restfulness': 80, 'timing': 100, 'total_sleep': 96}",90,"0c2d8beb-9ac5-4c7e-bc59-d0634348fcf9"
"2025-06-29","2025-06-29T00:00:00+00:00","{'deep_sleep': 98, 'efficiency': 96, 'latency': 81, 'rem_sleep': 96, 'restfulness': 81, 'timing': 85, 'total_sleep': 99}",92,"cd77370c-9c88-459b-aa21-e154a2913e3c"
"2025-06-30","2025-06-30T00:00:00+00:00","{'deep_sleep': 98, 'efficiency': 99, 'latency': 94, 'rem_sleep': 84, 'restfulness': 97, 'timing': 98, 'total_sleep': 75}",88,"8db33ce9-56df-42aa-905c-4122de76a5aa"
"2025-07-01","2025-07-01T00:00:00+00:00","{'deep_sleep': 98, 'efficiency': 98, 'latency': 83, 'rem_sleep': 82, 'restfulness': 87, 'timing': 100, 'total_sleep': 86}",89,"c3b86e09-b842-45d6-957f-1c3253122d43"
"2025-07-02","2025-07-02T00:00:00+00:00","{'deep_sleep': 99, 'efficiency': 100, 'latency': 86, 'rem_sleep': 90, 'restfulness': 92, 'timing': 100, 'total_sleep': 91}",93,"9b38b220-efa5-4473-978d-a8429810dc5d"
"2025-07-03","2025-07-03T00:00:00+00:00","{'deep_sleep': 99, 'efficiency': 97, 'latency': 70, 'rem_sleep': 94, 'restfulness': 91, 'timing': 100, 'total_sleep': 77}",87,"5ad3b3a6-6085-4a91-886d-20244a5fbd96"
"2025-07-06","2025-07-06T00:00:00+00:00","{'deep_sleep': 99, 'efficiency': 96, 'latency': 86, 'rem_sleep': 96, 'restfulness': 86, 'timing': 88, 'total_sleep': 95}",93,"8913dded-eab1-4e4e-b88b-2acf0f4b3776"
"2025-07-07","2025-07-07T00:00:00+00:00","{'deep_sleep': 87, 'efficiency': 67, 'latency': 94, 'rem_sleep': 50, 'restfulness': 75, 'timing': 100, 'total_sleep': 70}",76,"58d4d649-c811-4223-aaaa-2a9fd37a3dc0"
"2025-07-08","2025-07-08T00:00:00+00:00","{'deep_sleep': 97, 'efficiency': 97, 'latency': 94, 'rem_sleep': 97, 'restfulness': 92, 'timing': 100, 'total_sleep': 99}",97,"3fd47ce7-d15b-42c2-9b0f-80dab9e8d394"
"2025-07-09","2025-07-09T00:00:00+00:00","{'deep_sleep': 98, 'efficiency': 98, 'latency': 56, 'rem_sleep': 99, 'restfulness': 90, 'timing': 100, 'total_sleep': 86}",89,"5b42b91c-7527-4a0e-a816-059007e6149a"
"2025-07-10","2025-07-10T00:00:00+00:00","{'deep_sleep': 100, 'efficiency': 98, 'latency': 97, 'rem_sleep': 83, 'restfulness': 94, 'timing': 100, 'total_sleep': 81}",90,"4c6f970d-c724-4cd6-b11c-af97f10c353f"
"2025-07-11","2025-07-11T00:00:00+00:00","{'deep_sleep': 99, 'efficiency': 96, 'latency': 89, 'rem_sleep': 73, 'restfulness': 82, 'timing': 97, 'total_sleep': 75}",84,"6aebab6f-d3ae-4f96-8357-0c41c3ceb18e"
"2025-07-12","2025-07-12T00:00:00+00:00","{'deep_sleep': 93, 'efficiency': 100, 'latency': 75, 'rem_sleep': 97, 'restfulness': 98, 'timing': 95, 'total_sleep': 92}",93,"a53414c8-1c08-4664-80e9-2cdd78c09349"
"2025-07-13","2025-07-13T00:00:00+00:00","{'deep_sleep': 93, 'efficiency': 96, 'latency': 89, 'rem_sleep': 49, 'restfulness': 92, 'timing': 56, 'total_sleep': 48}",69,"36f3b1a4-28ad-48a9-a941-dd8ed57a94e4"
"2025-07-14","2025-07-14T00:00:00+00:00","{'deep_sleep': 96, 'efficiency': 99, 'latency': 75, 'rem_sleep': 78, 'restfulness': 97, 'timing': 96, 'total_sleep': 81}",87,"f8cb60e9-7b13-4689-9b9f-e73954aae645"
"2025-07-15","2025-07-15T00:00:00+00:00","{'deep_sleep': 96, 'efficiency': 98, 'latency': 64, 'rem_sleep': 81, 'restfulness': 98, 'timing': 90, 'total_sleep': 70}",82,"24cc2558-4d30-4ffc-97f1-e300c3617cf8"
"2025-07-16","2025-07-16T00:00:00+00:00","{'deep_sleep': 97, 'efficiency': 98, 'latency': 89, 'rem_sleep': 95, 'restfulness': 98, 'timing': 100, 'total_sleep': 81}",91,"f84a9086-3b64-4a3d-b93a-fd9734eecb32"
"2025-07-17","2025-07-17T00:00:00+00:00","{'deep_sleep': 98, 'efficiency': 98, 'latency': 89, 'rem_sleep': 94, 'restfulness': 91, 'timing': 100, 'total_sleep': 82}",90,"079dcd3a-8c0e-4c38-a30e-b66dac75430b"
"2025-07-18","2025-07-18T00:00:00+00:00","{'deep_sleep': 83, 'efficiency': 96, 'latency': 64, 'rem_sleep': 50, 'restfulness': 83, 'timing': 100, 'total_sleep': 62}",73,"130f481d-3ec8-4037-88aa-3b3732dc0073"
"2025-07-23","2025-07-23T00:00:00+00:00","{'deep_sleep': 100, 'efficiency': 100, 'latency': 67, 'rem_sleep': 98, 'restfulness': 94, 'timing': 100, 'total_sleep': 90}",92,"63cab8c5-7de0-46cb-89f8-6356bb82a649"
"2025-07-24","2025-07-24T00:00:00+00:00","{'deep_sleep': 98, 'efficiency': 100, 'latency': 81, 'rem_sleep': 97, 'restfulness': 89, 'timing': 100, 'total_sleep': 88}",92,"2e1211e1-6ea6-4dad-b4b3-cfee081eca0d"
"2025-07-25","2025-07-25T00:00:00+00:00","{'deep_sleep': 96, 'efficiency': 97, 'latency': 89, 'rem_sleep': 83, 'restfulness': 98, 'timing': 100, 'total_sleep': 84}",91,"1f99c945-d25e-4155-85e2-fcb2674ea15f"
"2025-07-26","2025-07-26T00:00:00+00:00","{'deep_sleep': 97, 'efficiency': 100, 'latency': 94, 'rem_sleep': 100, 'restfulness': 95, 'timing': 86, 'total_sleep': 94}",95,"99a1b19d-db4a-487d-8ce3-b5ad960c8fa9"
"2025-07-27","2025-07-27T00:00:00+00:00","{'deep_sleep': 99, 'efficiency': 97, 'latency': 94, 'rem_sleep': 70, 'restfulness': 88, 'timing': 100, 'total_sleep': 94}",92,"1a8e993e-3d96-48f0-acae-13bc25631b39"
